ADM_NAME,maize_only_drought_days,all_crops_drought_days,diff
AADAN,10.923076923076923,10.923076923076923,0.0
ABAJI,6.730769230769231,6.730769230769231,0.0
ABAKALIKI,14.73076923076923,14.73076923076923,0.0
ABIDJAN,13.192307692307692,13.192307692307692,0.0
ABU AL-MATAMIR,2.769230769230769,2.769230769230769,0.0
ABU HAMMAD,3.6538461538461537,3.6538461538461537,0.0
ABU HUMMUS,1.4615384615384615,1.4615384615384615,0.0
ABU KABIR,1.4615384615384615,1.4615384615384615,0.0
ABU QURQAS,0.0,0.0,0.0
ABU TIJ,0.0,0.0,0.0
ABU TISHT,0.0,0.0,0.0
ABUJA,6.1923076923076925,6.1923076923076925,0.0
AD-DILINAT,2.923076923076923,2.923076923076923,0.0
ADA WEST,8.961538461538462,8.961538461538462,0.0
ADAKLU,11.807692307692308,11.807692307692308,0.0
ADO,13.76923076923077,13.76923076923077,0.0
AFGOOYE,11.384615384615385,11.384615384615385,0.0
AFIJIO,15.0,15.0,0.0
AGAGO,10.5,10.5,0.0
AGAIE,7.115384615384615,7.115384615384615,0.0
AGATU,11.923076923076923,11.923076923076923,0.0
AGBANGNIZOUN,10.384615384615385,10.384615384615385,0.0
AGEW AWI,0.15384615384615385,0.15384615384615385,0.0
AGNÉBY-TIASSA,12.923076923076923,12.923076923076923,0.0
AGOTIME ZIOPE,11.423076923076923,11.423076923076923,0.0
AGWARA,2.3076923076923075,2.3076923076923075,0.0
AINABKOI,3.769230769230769,3.769230769230769,0.0
AINAMOI,4.923076923076923,4.923076923076923,0.0
AJA,3.6538461538461537,3.6538461538461537,0.0
AJAOKUTA,10.26923076923077,10.26923076923077,0.0
AJINGI,4.8076923076923075,4.8076923076923075,0.0
AKATSI NORTH,12.038461538461538,12.038461538461538,0.0
AKATSI SOUTH,12.0,12.0,0.0
AKHMIM,0.0,0.0,0.0
AKKO,1.8461538461538463,1.8461538461538463,0.0
AL RENK,1.6538461538461537,1.6538461538461537,0.0
AL-'AMRIYAH,2.923076923076923,2.923076923076923,0.0
AL-'AYYAT,0.7307692307692307,0.7307692307692307,0.0
AL-'IDWAH,5.115384615384615,5.115384615384615,0.0
AL-'USAYRAT,0.0,0.0,0.0
AL-BADARI,0.0,0.0,0.0
AL-BAJUR,3.6538461538461537,3.6538461538461537,0.0
AL-BALIYANA,0.0,0.0,0.0
AL-BURULUS,1.4615384615384615,1.4615384615384615,0.0
AL-FASHN,5.115384615384615,5.115384615384615,0.0
AL-FAYYUM,2.8461538461538463,2.8461538461538463,0.0
AL-GANOUB,2.923076923076923,2.923076923076923,0.0
AL-GANOUB 2,1.3846153846153846,1.3846153846153846,0.0
AL-GHANAYIM,0.0,0.0,0.0
AL-HAMUL,2.923076923076923,2.923076923076923,0.0
AL-HUSAYNIYAH,0.7307692307692307,0.7307692307692307,0.0
AL-IBRAHIMIYAH,3.6538461538461537,3.6538461538461537,0.0
AL-MAHALLAH AL-KUBRA,4.384615384615385,4.384615384615385,0.0
AL-MAHMUDIYAH,1.4615384615384615,1.4615384615384615,0.0
AL-MANSHAH,0.0,0.0,0.0
AL-MANSURAH,2.9615384615384617,2.9615384615384617,0.0
AL-MANSURAH 2,3.6538461538461537,3.6538461538461537,0.0
AL-MANZILAH,3.6538461538461537,3.6538461538461537,0.0
AL-MARAGHAH,0.0,0.0,0.0
AL-MATARIYAH,4.384615384615385,4.384615384615385,0.0
AL-MINYA,2.923076923076923,2.923076923076923,0.0
AL-QANATIR AL-KHAYRIYAH,3.6538461538461537,3.6538461538461537,0.0
AL-QANAYAT,2.923076923076923,2.923076923076923,0.0
AL-QANTARAH,2.1923076923076925,2.1923076923076925,0.0
AL-QANTARAH ASH-SHARQIYAH,4.615384615384615,4.615384615384615,0.0
AL-QUSIYAH,0.0,0.0,0.0
AL-WAQF,0.0,0.0,0.0
AL-WARRAQ,3.1538461538461537,3.1538461538461537,0.0
AL-WASTA,1.2692307692307692,1.2692307692307692,0.0
ALABA,0.0,0.0,0.0
ALAOTRA-MANGORO,15.384615384615385,15.384615384615385,0.0
ALBASU,3.6923076923076925,3.6923076923076925,0.0
ALDAI,4.076923076923077,4.076923076923077,0.0
ALEGO USONGA,4.384615384615385,4.384615384615385,0.0
ALEIRO,2.3076923076923075,2.3076923076923075,0.0
ALIAB,1.9615384615384615,1.9615384615384615,0.0
ALKALERI,2.5384615384615383,2.5384615384615383,0.0
ALTO MOLOCUE,22.307692307692307,22.307692307692307,0.0
AMATONGE,11.615384615384615,11.615384615384615,0.0
AMBOIM,27.846153846153847,27.846153846153847,0.0
AMORON'I MANIA,16.115384615384617,16.115384615384617,0.0
AMOU,12.0,12.0,0.0
AMURIA,20.96153846153846,20.96153846153846,0.0
ANALAMANGA,15.423076923076923,15.423076923076923,0.0
ANAMULENGE,21.153846153846153,21.153846153846153,0.0
ANCUABE,20.0,20.0,0.0
ANDROY,17.923076923076923,17.923076923076923,0.0
ANGOCHE,21.423076923076923,21.423076923076923,0.0
ANGÓNIA,20.192307692307693,20.192307692307693,0.0
ANIÉ,12.923076923076923,12.923076923076923,0.0
ANKA,1.3846153846153846,1.3846153846153846,0.0
ANOSY,18.0,18.0,0.0
APA,12.0,12.0,0.0
APLAHOUÉ,9.26923076923077,9.26923076923077,0.0
AR-RAHMANIYAH,2.1923076923076925,2.1923076923076925,0.0
AR-RIYAD,3.1538461538461537,3.1538461538461537,0.0
ARDO-KOLA,7.730769230769231,7.730769230769231,0.0
AREWA DANDI,0.11538461538461539,0.11538461538461539,0.0
ARGUNGU,0.7307692307692307,0.7307692307692307,0.0
ARINGA,9.73076923076923,9.73076923076923,0.0
ARSI,0.0,0.0,0.0
ARUU,9.846153846153847,9.846153846153847,0.0
ARYAT,1.7692307692307692,1.7692307692307692,0.0
AS-SANTAH,3.6538461538461537,3.6538461538461537,0.0
AS-SINBILLAWAYN,3.5384615384615383,3.5384615384615383,0.0
ASA,11.346153846153847,11.346153846153847,0.0
ASANTE-AKIM NORTH,13.692307692307692,13.692307692307692,0.0
ASH-SHUHADA,3.6538461538461537,3.6538461538461537,0.0
ASHMUN,3.6538461538461537,3.6538461538461537,0.0
ASKIRA/UBA,2.1923076923076925,2.1923076923076925,0.0
ASUOGYAMAN,12.423076923076923,12.423076923076923,0.0
ASWA,9.0,9.0,0.0
AT-TALL AL-KABIR,0.0,0.0,0.0
ATEBUBU-AMANTIN,13.807692307692308,13.807692307692308,0.0
ATIBA,13.923076923076923,13.923076923076923,0.0
ATSIMO-ANDREFANA,20.153846153846153,20.153846153846153,0.0
AUGIE,1.1538461538461537,1.1538461538461537,0.0
AUYO,0.0,0.0,0.0
AWE,8.076923076923077,8.076923076923077,0.0
AWEIL,2.0384615384615383,2.0384615384615383,0.0
AWENDO,4.576923076923077,4.576923076923077,0.0
AWLAD SAQR,2.423076923076923,2.423076923076923,0.0
AWUTU SENYA WEST,13.115384615384615,13.115384615384615,0.0
AYIVU,10.26923076923077,10.26923076923077,0.0
BABATI,26.307692307692307,26.307692307692307,0.0
BABURA,0.6153846153846154,0.6153846153846154,0.0
BADE,1.6923076923076923,1.6923076923076923,0.0
BADR,0.7307692307692307,0.7307692307692307,0.0
BAFOULABÉ,1.1538461538461537,1.1538461538461537,0.0
BAGAMOYO,16.115384615384617,16.115384615384617,0.0
BAGOUÉ,4.115384615384615,4.115384615384615,0.0
BAGUDO,3.6153846153846154,3.6153846153846154,0.0
BAGUIRMI,0.0,0.0,0.0
BAGWAI,3.3461538461538463,3.3461538461538463,0.0
BAHATI,4.384615384615385,4.384615384615385,0.0
BAHI,21.46153846153846,21.46153846153846,0.0
BAHR AL JABAL,10.23076923076923,10.23076923076923,0.0
BAILUNDO,23.076923076923077,23.076923076923077,0.0
BAKORI,5.461538461538462,5.461538461538462,0.0
BAKURA,0.15384615384615385,0.15384615384615385,0.0
BALAMA,21.192307692307693,21.192307692307693,0.0
BALANGA,0.23076923076923078,0.23076923076923078,0.0
BALCAD,9.23076923076923,9.23076923076923,0.0
BALE,0.07692307692307693,0.07692307692307693,0.0
BALI,6.230769230769231,6.230769230769231,0.0
BALÉ,0.34615384615384615,0.34615384615384615,0.0
BAM,1.1538461538461537,1.1538461538461537,0.0
BAMA,0.2692307692307692,0.2692307692307692,0.0
BAMBOUTOS,8.461538461538462,8.461538461538462,0.0
BAMUNANIKA,20.346153846153847,20.346153846153847,0.0
BANAMBA,0.0,0.0,0.0
BANGASSOU,7.538461538461538,7.538461538461538,0.0
BANHA,3.6538461538461537,3.6538461538461537,0.0
BANI MAZAR,4.384615384615385,4.384615384615385,0.0
BANI SUWAYF,3.6923076923076925,3.6923076923076925,0.0
BANI UBAYD,2.923076923076923,2.923076923076923,0.0
BANIKOARA,0.23076923076923078,0.23076923076923078,0.0
BANKASS,0.07692307692307693,0.07692307692307693,0.0
BANTÈ,10.73076923076923,10.73076923076923,0.0
BANWA,1.3076923076923077,1.3076923076923077,0.0
BARAAWE,10.576923076923077,10.576923076923077,0.0
BARH KÖH,0.6538461538461539,0.6538461538461539,0.0
BARH SARA,0.5769230769230769,0.5769230769230769,0.0
BARIADI,20.23076923076923,20.23076923076923,0.0
BARINGO NORTH,6.115384615384615,6.115384615384615,0.0
BARINGO SOUTH,6.076923076923077,6.076923076923077,0.0
BAROLONG,21.076923076923077,21.076923076923077,0.0
BAROUÉLI,0.7692307692307693,0.7692307692307693,0.0
BARUE,24.384615384615383,24.384615384615383,0.0
BARUTEN,13.576923076923077,13.576923076923077,0.0
BAS-MONO,11.23076923076923,11.23076923076923,0.0
BASSA,6.423076923076923,6.423076923076923,0.0
BASSAR,4.6923076923076925,4.6923076923076925,0.0
BASSILA,12.73076923076923,12.73076923076923,0.0
BASYUN,2.923076923076923,2.923076923076923,0.0
BATAGARAWA,0.2692307692307692,0.2692307692307692,0.0
BATANGAFO,8.038461538461538,8.038461538461538,0.0
BATHA EST,0.3076923076923077,0.3076923076923077,0.0
BATHA OUES,0.0,0.0,0.0
BATSARI,1.1923076923076923,1.1923076923076923,0.0
BAUCHI,4.3076923076923075,4.3076923076923075,0.0
BAURE,0.6153846153846154,0.6153846153846154,0.0
BAWKU,0.34615384615384615,0.34615384615384615,0.0
BAWKU WEST,0.0,0.0,0.0
BAYDHABO,8.307692307692308,8.307692307692308,0.0
BAYO,0.5,0.5,0.0
BAZÈGA,1.4615384615384615,1.4615384615384615,0.0
BBAALE,23.0,23.0,0.0
BEBEJI,2.9615384615384617,2.9615384615384617,0.0
BELGUT,4.884615384615385,4.884615384615385,0.0
BEMBÈRÈKÈ,12.961538461538462,12.961538461538462,0.0
BENCH MAJI,0.11538461538461539,0.11538461538461539,0.0
BERBÉRATI,8.346153846153847,8.346153846153847,0.0
BETSIBOKA,15.653846153846153,15.653846153846153,0.0
BEYLA,1.4615384615384615,1.4615384615384615,0.0
BIBA,1.4615384615384615,1.4615384615384615,0.0
BIBALA,27.615384615384617,27.615384615384617,0.0
BICHI,3.8846153846153846,3.8846153846153846,0.0
BIDA,8.26923076923077,8.26923076923077,0.0
BIHARAMULO,16.96153846153846,16.96153846153846,0.0
BIKITA,29.115384615384617,29.115384615384617,0.0
BILBAYS,2.923076923076923,2.923076923076923,0.0
BILENE,24.73076923076923,24.73076923076923,0.0
BILLIRI,0.0,0.0,0.0
BILQAS,2.923076923076923,2.923076923076923,0.0
BIMBO,7.6923076923076925,7.6923076923076925,0.0
BINDAWA,1.0,1.0,0.0
BINDURA,22.884615384615383,22.884615384615383,0.0
BINDURI,0.0,0.0,0.0
BINGA,29.307692307692307,29.307692307692307,0.0
BINJI,1.0,1.0,0.0
BIRINIWA,1.1538461538461537,1.1538461538461537,0.0
BIRKAT AS-SAB',5.115384615384615,5.115384615384615,0.0
BIRNIN GWARI,7.1923076923076925,7.1923076923076925,0.0
BIRNIN KEBBI,0.6538461538461539,0.6538461538461539,0.0
BIRNIN KUDU,3.3076923076923075,3.3076923076923075,0.0
BIRNIN-MAGAJI/KIYAW,2.423076923076923,2.423076923076923,0.0
BISORO,17.615384615384617,17.615384615384617,0.0
BIYALA,2.923076923076923,2.923076923076923,0.0
BLA,1.4230769230769231,1.4230769230769231,0.0
BLANTYRE CITY,20.423076923076923,20.423076923076923,0.0
BLITTA,13.384615384615385,13.384615384615385,0.0
BOANE,23.576923076923077,23.576923076923077,0.0
BOBASI,4.384615384615385,4.384615384615385,0.0
BOBONONG,10.346153846153847,10.346153846153847,0.0
BOCARANGA,6.038461538461538,6.038461538461538,0.0
BOCOIO,23.346153846153847,23.346153846153847,0.0
BOENY,16.846153846153847,16.846153846153847,0.0
BOFFA,0.8846153846153846,0.8846153846153846,0.0
BOJANALA,19.807692307692307,19.807692307692307,0.0
BOKKOS,5.538461538461538,5.538461538461538,0.0
BOKORA,8.846153846153847,8.846153846153847,0.0
BOLE,0.6153846153846154,0.6153846153846154,0.0
BOLGA EAST,0.19230769230769232,0.19230769230769232,0.0
BOLGATANGA,0.3076923076923077,0.3076923076923077,0.0
BOMACHOGE BORABU,3.8461538461538463,3.8461538461538463,0.0
BOMACHOGE CHACHE,3.9615384615384617,3.9615384615384617,0.0
BOMET CENTRAL,4.6923076923076925,4.6923076923076925,0.0
BOMET EAST,4.346153846153846,4.346153846153846,0.0
BONCHARI,4.230769230769231,4.230769230769231,0.0
BONDO,10.26923076923077,10.26923076923077,0.0
BONGO,0.38461538461538464,0.38461538461538464,0.0
BONGOLAVA,14.538461538461538,14.538461538461538,0.0
BORABU,4.730769230769231,4.730769230769231,0.0
BORENA,0.15384615384615385,0.15384615384615385,0.0
BORGU,5.769230769230769,5.769230769230769,0.0
BORSARI,1.6153846153846154,1.6153846153846154,0.0
BOSSO,7.6923076923076925,7.6923076923076925,0.0
BOUAR,7.769230769230769,7.769230769230769,0.0
BOUGOUNI,1.6153846153846154,1.6153846153846154,0.0
BOUKOUMBÉ,2.076923076923077,2.076923076923077,0.0
BOULGOU,0.6153846153846154,0.6153846153846154,0.0
BOULKIEMDÉ,2.076923076923077,2.076923076923077,0.0
BOUNKANI,11.653846153846153,11.653846153846153,0.0
BOZOUM,6.6923076923076925,6.6923076923076925,0.0
BUBANZA,17.192307692307693,17.192307692307693,0.0
BUBULO,17.115384615384617,17.115384615384617,0.0
BUDAKA,23.692307692307693,23.692307692307693,0.0
BUDALANGI,4.538461538461538,4.538461538461538,0.0
BUDIOPE,22.423076923076923,22.423076923076923,0.0
BUGABIRA,20.346153846153847,20.346153846153847,0.0
BUGABULA,20.26923076923077,20.26923076923077,0.0
BUGAHYA,20.615384615384617,20.615384615384617,0.0
BUGANDA,22.576923076923077,22.576923076923077,0.0
BUGANGAIZI,20.53846153846154,20.53846153846154,0.0
BUGARAMA,18.46153846153846,18.46153846153846,0.0
BUGENDANA,17.653846153846153,17.653846153846153,0.0
BUGENYUZI,20.307692307692307,20.307692307692307,0.0
BUGESERA,17.115384615384617,17.115384615384617,0.0
BUGWERI,19.153846153846153,19.153846153846153,0.0
BUHAGUZI,19.846153846153847,19.846153846153847,0.0
BUHERA,27.692307692307693,27.692307692307693,0.0
BUHIGA,20.692307692307693,20.692307692307693,0.0
BUHWEJU,20.0,20.0,0.0
BUIKWE,18.615384615384617,18.615384615384617,0.0
BUILSA NORTH,0.07692307692307693,0.07692307692307693,0.0
BUILSA SOUTH,0.15384615384615385,0.15384615384615385,0.0
BUJENJE,21.0,21.0,0.0
BUJENJE (?),20.73076923076923,20.73076923076923,0.0
BUJI,3.3076923076923075,3.3076923076923075,0.0
BUKAMA,11.153846153846153,11.153846153846153,0.0
BUKANGA,19.384615384615383,19.384615384615383,0.0
BUKEDEA,21.384615384615383,21.384615384615383,0.0
BUKEMBA,16.307692307692307,16.307692307692307,0.0
BUKEYE,19.115384615384617,19.115384615384617,0.0
BUKINANYANA,15.923076923076923,15.923076923076923,0.0
BUKIRASAZI,19.346153846153847,19.346153846153847,0.0
BUKKUYUM,2.230769230769231,2.230769230769231,0.0
BUKOMBE,16.884615384615383,16.884615384615383,0.0
BUKOOLI,19.423076923076923,19.423076923076923,0.0
BUKOTO,18.884615384615383,18.884615384615383,0.0
BUKURU,11.615384615384615,11.615384615384615,0.0
BULAMOGI,21.807692307692307,21.807692307692307,0.0
BULILIMA,32.84615384615385,32.84615384615385,0.0
BUMULA,4.538461538461538,4.538461538461538,0.0
BUNDA,15.076923076923077,15.076923076923077,0.0
BUNGOKHO,18.115384615384617,18.115384615384617,0.0
BUNGUDU,2.8846153846153846,2.8846153846153846,0.0
BUNKPURUGU NAKPANDURI,0.5,0.5,0.0
BUNKURE,3.5,3.5,0.0
BUNYA,19.653846153846153,19.653846153846153,0.0
BUNYOLE,21.26923076923077,21.26923076923077,0.0
BUNZA,1.7692307692307692,1.7692307692307692,0.0
BURAMBI,18.5,18.5,0.0
BURAZA,19.46153846153846,19.46153846153846,0.0
BURERA,18.26923076923077,18.26923076923077,0.0
BURETI,4.923076923076923,4.923076923076923,0.0
BURJ AL-'ARAB,2.923076923076923,2.923076923076923,0.0
BURULI,22.807692307692307,22.807692307692307,0.0
BURURI,18.615384615384617,18.615384615384617,0.0
BUSEGA,14.884615384615385,14.884615384615385,0.0
BUSIGA,17.03846153846154,17.03846153846154,0.0
BUSIIRO,19.03846153846154,19.03846153846154,0.0
BUSIKI,19.96153846153846,19.96153846153846,0.0
BUSONGORA,20.692307692307693,20.692307692307693,0.0
BUSONI,19.23076923076923,19.23076923076923,0.0
BUTAGANZWA1,17.807692307692307,17.807692307692307,0.0
BUTAGANZWA2,19.307692307692307,19.307692307692307,0.0
BUTEBO,22.076923076923077,22.076923076923077,0.0
BUTERE,4.615384615384615,4.615384615384615,0.0
BUTIAMA,12.346153846153847,12.346153846153847,0.0
BUTIHINDA,18.53846153846154,18.53846153846154,0.0
BUTULA,5.038461538461538,5.038461538461538,0.0
BUUR XAKABA,7.6923076923076925,7.6923076923076925,0.0
BUURI,14.807692307692308,14.807692307692308,0.0
BUWEKULA,21.576923076923077,21.576923076923077,0.0
BUYAGA,21.76923076923077,21.76923076923077,0.0
BUYANJA,18.153846153846153,18.153846153846153,0.0
BUYENGERO,17.884615384615383,17.884615384615383,0.0
BUZAAYA,19.5,19.5,0.0
BWERU,17.615384615384617,17.615384615384617,0.0
BÉLIER,13.23076923076923,13.23076923076923,0.0
BÉNOUÉ,3.9615384615384617,3.9615384615384617,0.0
BÉRÉ,16.53846153846154,16.53846153846154,0.0
CACADU,14.038461538461538,14.038461538461538,0.0
CACONDA,24.384615384615383,24.384615384615383,0.0
CACUZO,27.53846153846154,27.53846153846154,0.0
CADALE,11.884615384615385,11.884615384615385,0.0
CAHAMA,24.884615384615383,24.884615384615383,0.0
CAHORA BASSA,23.115384615384617,23.115384615384617,0.0
CAIA,25.03846153846154,25.03846153846154,0.0
CAIAMBAMBO,32.88461538461539,32.88461538461539,0.0
CALANDULA,24.807692307692307,24.807692307692307,0.0
CALUQUEMBE,24.615384615384617,24.615384615384617,0.0
CAMACUIO,25.23076923076923,25.23076923076923,0.0
CAMACUPA,26.153846153846153,26.153846153846153,0.0
CANGANDALA,23.384615384615383,23.384615384615383,0.0
CANKUZO,17.96153846153846,17.96153846153846,0.0
CAPRICORN,19.53846153846154,19.53846153846154,0.0
CARNOT,6.576923076923077,6.576923076923077,0.0
CASSONGUE,21.76923076923077,21.76923076923077,0.0
CATABOLA,23.076923076923077,23.076923076923077,0.0
CATCHIUNGO,22.76923076923077,22.76923076923077,0.0
CAÁLA,22.346153846153847,22.346153846153847,0.0
CENTENARY/ MUZARABANI,22.53846153846154,22.53846153846154,0.0
CENTRAL GONJA,0.6923076923076923,0.6923076923076923,0.0
CENTRAL IMENTI,16.307692307692307,16.307692307692307,0.0
CENTRAL TONGU,12.692307692307692,12.692307692307692,0.0
CHADIZA,20.153846153846153,20.153846153846153,0.0
CHAMA,19.115384615384617,19.115384615384617,0.0
CHAMWINO,20.346153846153847,20.346153846153847,0.0
CHANGARA,23.03846153846154,23.03846153846154,0.0
CHARANCHI,3.8461538461538463,3.8461538461538463,0.0
CHASEFU,19.0,19.0,0.0
CHATO,17.53846153846154,17.53846153846154,0.0
CHEGUTU,25.346153846153847,25.346153846153847,0.0
CHEKWII,9.538461538461538,9.538461538461538,0.0
CHEMBA,97.34615384615384,97.34615384615384,0.0
CHEPALUNGU,4.153846153846154,4.153846153846154,0.0
CHERANGANY,3.3461538461538463,3.3461538461538463,0.0
CHEREPONI,0.3076923076923077,0.3076923076923077,0.0
CHESUMEI,4.0,4.0,0.0
CHIBIA,28.884615384615383,28.884615384615383,0.0
CHIBOK,1.0384615384615385,1.0384615384615385,0.0
CHIBOMBO,18.0,18.0,0.0
CHIBUTO,18.153846153846153,18.153846153846153,0.0
CHICOMBA,28.576923076923077,28.576923076923077,0.0
CHICUALACUALA,20.653846153846153,20.653846153846153,0.0
CHIENGI,18.576923076923077,18.576923076923077,0.0
CHIFUNDE,19.653846153846153,19.653846153846153,0.0
CHIKANKANTA,17.576923076923077,17.576923076923077,0.0
CHIKOMBA,28.346153846153847,28.346153846153847,0.0
CHIKUN,7.846153846153846,7.846153846153846,0.0
CHILANGA,24.153846153846153,24.153846153846153,0.0
CHINGUAR,23.73076923076923,23.73076923076923,0.0
CHINSALI,16.46153846153846,16.46153846153846,0.0
CHIPANGALI,22.423076923076923,22.423076923076923,0.0
CHIPATA,21.692307692307693,21.692307692307693,0.0
CHIPINDO,26.384615384615383,26.384615384615383,0.0
CHIPINGE,29.0,29.0,0.0
CHIREDZI,23.346153846153847,23.346153846153847,0.0
CHIRUMHANZU,30.576923076923077,30.576923076923077,0.0
CHIRUNDU,21.76923076923077,21.76923076923077,0.0
CHISAMBA,17.346153846153847,17.346153846153847,0.0
CHITAMBO,18.03846153846154,18.03846153846154,0.0
CHITEMBO,25.884615384615383,25.884615384615383,0.0
CHIUTA,20.923076923076923,20.923076923076923,0.0
CHIVI,33.0,33.0,0.0
CHIÚRE,20.192307692307693,20.192307692307693,0.0
CHOBE,29.46153846153846,29.46153846153846,0.0
CHOMA,18.615384615384617,18.615384615384617,0.0
CHONGOROI,29.307692307692307,29.307692307692307,0.0
CHONGWE,22.53846153846154,22.53846153846154,0.0
CHRIS HANI,20.46153846153846,20.46153846153846,0.0
CHUA,10.346153846153847,10.346153846153847,0.0
CHUNYA,21.692307692307693,21.692307692307693,0.0
CHÓKWÈ,11.807692307692308,11.807692307692308,0.0
COBLY,0.6923076923076923,0.6923076923076923,0.0
COMOÉ,1.1538461538461537,1.1538461538461537,0.0
CUAMBA,21.884615384615383,21.884615384615383,0.0
CUANGAR,29.692307692307693,29.692307692307693,0.0
CUANGO,25.576923076923077,25.576923076923077,0.0
CUANHAMA,24.576923076923077,24.576923076923077,0.0
CUBAL,25.423076923076923,25.423076923076923,0.0
CUCHI,27.192307692307693,27.192307692307693,0.0
CUITO CUANAVALE,27.807692307692307,27.807692307692307,0.0
CUVELAI,23.384615384615383,23.384615384615383,0.0
DABABA,0.0,0.0,0.0
DABOLA,1.6538461538461537,1.6538461538461537,0.0
DAMANHUR,3.6538461538461537,3.6538461538461537,0.0
DAMATURU,0.07692307692307693,0.07692307692307693,0.0
DAMBAN,2.9615384615384617,2.9615384615384617,0.0
DAMBATTA,0.34615384615384615,0.34615384615384615,0.0
DAMBOA,0.8846153846153846,0.8846153846153846,0.0
DANDI,0.38461538461538464,0.38461538461538464,0.0
DANDUME,6.3076923076923075,6.3076923076923075,0.0
DANJA,5.230769230769231,5.230769230769231,0.0
DANKO WASAGU,4.769230769230769,4.769230769230769,0.0
DANKPEN,4.384615384615385,4.384615384615385,0.0
DANMUSA,3.8076923076923075,3.8076923076923075,0.0
DAR AS-SALAM,0.0,0.0,0.0
DARAZO,2.423076923076923,2.423076923076923,0.0
DASSA-ZOUMÈ,8.884615384615385,8.884615384615385,0.0
DAURA,0.0,0.0,0.0
DAWAKIN KUDU,4.153846153846154,4.153846153846154,0.0
DAWAKIN TOFA,3.8461538461538463,3.8461538461538463,0.0
DAYR MAWAS,0.0,0.0,0.0
DAYRUT,0.0,0.0,0.0
DEBUB GONDAR,0.038461538461538464,0.038461538461538464,0.0
DEBUB MIRAB SHEWA,0.0,0.0,0.0
DEBUB OMO,0.07692307692307693,0.07692307692307693,0.0
DEBUB WOLLO,0.0,0.0,0.0
DEBUBAWI,0.0,0.0,0.0
DEMBA,0.23076923076923078,0.23076923076923078,0.0
DEMSA,2.423076923076923,2.423076923076923,0.0
DIAMARÉ,2.1923076923076925,2.1923076923076925,0.0
DIANA,15.538461538461538,15.538461538461538,0.0
DIBAYA,0.15384615384615385,0.15384615384615385,0.0
DIINSOOR,10.961538461538462,10.961538461538462,0.0
DIKIRNIS,2.923076923076923,2.923076923076923,0.0
DIMBELENGE,0.11538461538461539,0.11538461538461539,0.0
DINGUIRAYE,1.4615384615384615,1.4615384615384615,0.0
DIOÏLA,1.1538461538461537,1.1538461538461537,0.0
DISHNA,0.0,0.0,0.0
DISUQ,2.1923076923076925,2.1923076923076925,0.0
DIYARB NAJM,4.384615384615385,4.384615384615385,0.0
DIÉMA,0.0,0.0,0.0
DJAKOTOMEY,9.26923076923077,9.26923076923077,0.0
DJIDJA,9.653846153846153,9.653846153846153,0.0
DJOUGOU RURAL,15.0,15.0,0.0
DJOURF AL AHMAR,0.0,0.0,0.0
DODJÉ,0.7307692307692307,0.7307692307692307,0.0
DODOMA URBAN,20.076923076923077,20.076923076923077,0.0
DODOTH,7.6923076923076925,7.6923076923076925,0.0
DOGUWA,7.8076923076923075,7.8076923076923075,0.0
DOKOLO,10.461538461538462,10.461538461538462,0.0
DOMA,8.346153846153847,8.346153846153847,0.0
DONDO,23.26923076923077,23.26923076923077,0.0
DONGA,6.576923076923077,6.576923076923077,0.0
DOUFELGOU,5.3076923076923075,5.3076923076923075,0.0
DR KENNETH KAUNDA,24.26923076923077,24.26923076923077,0.0
DR RUTH SEGOMOTSI MOMPATI,15.076923076923077,15.076923076923077,0.0
DUKKU,2.9615384615384617,2.9615384615384617,0.0
DUTSE,3.923076923076923,3.923076923076923,0.0
DUTSI,0.19230769230769232,0.19230769230769232,0.0
DUTSINMA,4.615384615384615,4.615384615384615,0.0
EAST GONJA,0.7307692307692307,0.7307692307692307,0.0
EAST MAMPRUSI,0.5769230769230769,0.5769230769230769,0.0
EAST MOYO,9.192307692307692,9.192307692307692,0.0
EBO,25.0,25.0,0.0
EBONYI,14.23076923076923,14.23076923076923,0.0
EDATI,6.576923076923077,6.576923076923077,0.0
EDU,10.807692307692308,10.807692307692308,0.0
EENHANA,23.192307692307693,23.192307692307693,0.0
EHLANZENI,17.5,17.5,0.0
EJURA-SEKYEDUMASE,14.153846153846153,14.153846153846153,0.0
EKUNHA,22.076923076923077,22.076923076923077,0.0
EKURHULENI,21.0,21.0,0.0
ELDAMA RAVINE,4.961538461538462,4.961538461538462,0.0
EMGWEN,4.0,4.0,0.0
EMURUA DIKIRR,4.3076923076923075,4.3076923076923075,0.0
ENDEBESS,3.769230769230769,3.769230769230769,0.0
ENDOLA,21.692307692307693,21.692307692307693,0.0
ENGELA,22.23076923076923,22.23076923076923,0.0
ENGODI,23.884615384615383,23.884615384615383,0.0
EPEMBE,22.576923076923077,22.576923076923077,0.0
ERATI,21.692307692307693,21.692307692307693,0.0
ERUTE,10.461538461538462,10.461538461538462,0.0
EST-MONO,12.461538461538462,12.461538461538462,0.0
ETAYI,21.23076923076923,21.23076923076923,0.0
EZZA NORTH,14.692307692307692,14.692307692307692,0.0
EZZA SOUTH,14.76923076923077,14.76923076923077,0.0
FAFAN,0.038461538461538464,0.038461538461538464,0.0
FAKAI,2.0384615384615383,2.0384615384615383,0.0
FANTEAKWA NORTH,13.115384615384615,13.115384615384615,0.0
FAQUS,2.076923076923077,2.076923076923077,0.0
FARASKUR,1.4615384615384615,1.4615384615384615,0.0
FARO,3.3076923076923075,3.3076923076923075,0.0
FARO ET DÉO,8.961538461538462,8.961538461538462,0.0
FASHOODA,2.3461538461538463,2.3461538461538463,0.0
FASKARI,5.269230769230769,5.269230769230769,0.0
FEZILE DABI,25.23076923076923,25.23076923076923,0.0
FIKA,0.8461538461538461,0.8461538461538461,0.0
FIZI,7.846153846153846,7.846153846153846,0.0
FOLON,4.769230769230769,4.769230769230769,0.0
FORÉCARIAH,1.2692307692307692,1.2692307692307692,0.0
FRANCES BAARD,12.423076923076923,12.423076923076923,0.0
FUFORE,7.346153846153846,7.346153846153846,0.0
FUNAKAYE,0.0,0.0,0.0
FUNE,0.0,0.0,0.0
FUNHALOURO,14.23076923076923,14.23076923076923,0.0
FUNTUA,6.3076923076923075,6.3076923076923075,0.0
FUNYULA,4.384615384615385,4.384615384615385,0.0
FUWAH,1.4615384615384615,1.4615384615384615,0.0
GA SOUTH,13.038461538461538,13.038461538461538,0.0
GA WEST,12.76923076923077,12.76923076923077,0.0
GABASAWA,2.5,2.5,0.0
GABILEY,9.576923076923077,9.576923076923077,0.0
GADA,0.8461538461538461,0.8461538461538461,0.0
GAGARAWA,0.15384615384615385,0.15384615384615385,0.0
GAHOMBO,16.76923076923077,16.76923076923077,0.0
GAIRO,25.46153846153846,25.46153846153846,0.0
GAKENKE,19.192307692307693,19.192307692307693,0.0
GAMAWA,1.0384615384615385,1.0384615384615385,0.0
GAMBO-OUANGO,9.576923076923077,9.576923076923077,0.0
GAMBOS,27.653846153846153,27.653846153846153,0.0
GAMBOULA,9.115384615384615,9.115384615384615,0.0
GAMO GOFA,0.19230769230769232,0.19230769230769232,0.0
GANDA,24.46153846153846,24.46153846153846,0.0
GANJUWA,3.423076923076923,3.423076923076923,0.0
GANYE,5.730769230769231,5.730769230769231,0.0
GANZE,18.23076923076923,18.23076923076923,0.0
GANZOURGOU,0.5384615384615384,0.5384615384615384,0.0
GAOUAL,1.4615384615384615,1.4615384615384615,0.0
GARKI,0.038461538461538464,0.038461538461538464,0.0
GARKO,4.423076923076923,4.423076923076923,0.0
GARSEN,13.461538461538462,13.461538461538462,0.0
GARU,0.0,0.0,0.0
GARUM MALLAM,1.5384615384615385,1.5384615384615385,0.0
GASABO,20.26923076923077,20.26923076923077,0.0
GASHAKA,5.653846153846154,5.653846153846154,0.0
GASHIKANWA,16.26923076923077,16.26923076923077,0.0
GASHOHO,19.846153846153847,19.846153846153847,0.0
GASORWE,20.076923076923077,20.076923076923077,0.0
GASSOL,6.5,6.5,0.0
GATANGA,13.307692307692308,13.307692307692308,0.0
GATARA,16.615384615384617,16.615384615384617,0.0
GATSIBO,19.076923076923077,19.076923076923077,0.0
GAYA,22.76923076923077,22.76923076923077,0.0
GBAKO,8.038461538461538,8.038461538461538,0.0
GBARZON,12.0,12.0,0.0
GBEAPO,14.153846153846153,14.153846153846153,0.0
GBEHLAGEH,10.846153846153847,10.846153846153847,0.0
GBEKE,12.0,12.0,0.0
GBOKO,12.038461538461538,12.038461538461538,0.0
GEGE,17.846153846153847,17.846153846153847,0.0
GEIDAM,2.1538461538461537,2.1538461538461537,0.0
GEITA,17.73076923076923,17.73076923076923,0.0
GEM,4.076923076923077,4.076923076923077,0.0
GERT SIBANDE,18.923076923076923,18.923076923076923,0.0
GEZAWA,4.3076923076923075,4.3076923076923075,0.0
GIADE,3.0384615384615383,3.0384615384615383,0.0
GICUMBI,19.23076923076923,19.23076923076923,0.0
GIHANGA,18.615384615384617,18.615384615384617,0.0
GIHARO,18.26923076923077,18.26923076923077,0.0
GIHETA,16.576923076923077,16.576923076923077,0.0
GILE,23.115384615384617,23.115384615384617,0.0
GILGIL,4.269230769230769,4.269230769230769,0.0
GIRIE,0.9230769230769231,0.9230769230769231,0.0
GISAGARA,70.46153846153847,70.46153846153847,0.0
GISHUBI,17.5,17.5,0.0
GISOZI,18.115384615384617,18.115384615384617,0.0
GISURU,18.115384615384617,18.115384615384617,0.0
GITANGA,18.307692307692307,18.307692307692307,0.0
GITARAMUKA,20.615384615384617,20.615384615384617,0.0
GITEGA,16.846153846153847,16.846153846153847,0.0
GITERANYI,17.692307692307693,17.692307692307693,0.0
GITOBE,20.192307692307693,20.192307692307693,0.0
GIWA,6.384615384615385,6.384615384615385,0.0
GLAZOUÉ,11.807692307692308,11.807692307692308,0.0
GOGOUNOU,2.3076923076923075,2.3076923076923075,0.0
GOGRIAL,2.923076923076923,2.923076923076923,0.0
GOKWE NORTH,29.96153846153846,29.96153846153846,0.0
GOKWE SOUTH,29.115384615384617,29.115384615384617,0.0
GOMBA,21.96153846153846,21.96153846153846,0.0
GOMBI,1.0,1.0,0.0
GOMOA EAST,12.5,12.5,0.0
GONDOLA,25.23076923076923,25.23076923076923,0.0
GOROMONZI,24.807692307692307,24.807692307692307,0.0
GORONGOSA,23.76923076923077,23.76923076923077,0.0
GORONYO,0.8461538461538461,0.8461538461538461,0.0
GOURMA,0.3076923076923077,0.3076923076923077,0.0
GRANDE SIDO,0.6153846153846154,0.6153846153846154,0.0
GROOTFONTEIN,24.73076923076923,24.73076923076923,0.0
GUBIO,1.9230769230769231,1.9230769230769231,0.0
GUDU,0.11538461538461539,0.11538461538461539,0.0
GUIJÁ,9.192307692307692,9.192307692307692,0.0
GUINAS,25.115384615384617,25.115384615384617,0.0
GUJBA,0.6538461538461539,0.6538461538461539,0.0
GUJI,0.15384615384615385,0.15384615384615385,0.0
GULANI,1.0384615384615385,1.0384615384615385,0.0
GULU,9.73076923076923,9.73076923076923,0.0
GUMA,11.23076923076923,11.23076923076923,0.0
GUMEL,0.23076923076923078,0.23076923076923078,0.0
GUMMI,2.1538461538461537,2.1538461538461537,0.0
GURAGE,0.0,0.0,0.0
GURARA,6.730769230769231,6.730769230769231,0.0
GURO,25.26923076923077,25.26923076923077,0.0
GURUE,22.615384615384617,22.615384615384617,0.0
GURUVE,21.653846153846153,21.653846153846153,0.0
GUSAU,4.115384615384615,4.115384615384615,0.0
GUSHEGU,0.6153846153846154,0.6153846153846154,0.0
GUTU,31.615384615384617,31.615384615384617,0.0
GUYUK,0.15384615384615385,0.15384615384615385,0.0
GWAGWALADA,7.3076923076923075,7.3076923076923075,0.0
GWANDA,29.423076923076923,29.423076923076923,0.0
GWANDU,1.6923076923076923,1.6923076923076923,0.0
GWARAM,2.5,2.5,0.0
GWARZO,2.423076923076923,2.423076923076923,0.0
GWEMBE,17.115384615384617,17.115384615384617,0.0
GWER EAST,12.26923076923077,12.26923076923077,0.0
GWER WEST,11.884615384615385,11.884615384615385,0.0
GWERU,27.153846153846153,27.153846153846153,0.0
GWIWA,0.11538461538461539,0.11538461538461539,0.0
GWOZA,0.5769230769230769,0.5769230769230769,0.0
GÔH,13.5,13.5,0.0
HADIYA,0.0,0.0,0.0
HAHO,12.423076923076923,12.423076923076923,0.0
HAMBOL,12.423076923076923,12.423076923076923,0.0
HAMISI,4.730769230769231,4.730769230769231,0.0
HANANG,26.0,26.0,0.0
HANDENI,16.576923076923077,16.576923076923077,0.0
HAUT-SASSANDRA,11.807692307692308,11.807692307692308,0.0
HAUTE MATSIATRA,16.692307692307693,16.692307692307693,0.0
HAUTE SANAGA,9.26923076923077,9.26923076923077,0.0
HAWSH 'ISA,4.269230769230769,4.269230769230769,0.0
HIHYA,3.6538461538461537,3.6538461538461537,0.0
HLANE,18.153846153846153,18.153846153846153,0.0
HO WEST,12.307692307692308,12.307692307692308,0.0
HONG,1.7307692307692308,1.7307692307692308,0.0
HORO GUDURU,0.15384615384615385,0.15384615384615385,0.0
HOSEA,18.0,18.0,0.0
HOUET,0.7307692307692307,0.7307692307692307,0.0
HUAMBO,22.076923076923077,22.076923076923077,0.0
HUMPATA,25.46153846153846,25.46153846153846,0.0
HURUNGWE,24.923076923076923,24.923076923076923,0.0
HUYE,16.76923076923077,16.76923076923077,0.0
HWANGE,32.57692307692308,32.57692307692308,0.0
IBANDA,22.73076923076923,22.73076923076923,0.0
IBARAPA CENTRAL,13.73076923076923,13.73076923076923,0.0
IBARAPA EAST,14.538461538461538,14.538461538461538,0.0
IBARAPA NORTH,13.384615384615385,13.384615384615385,0.0
IBI,6.0,6.0,0.0
IBSHAWAY,3.6538461538461537,3.6538461538461537,0.0
IDJWI,6.923076923076923,6.923076923076923,0.0
IDKU,2.576923076923077,2.576923076923077,0.0
IFELODUN,13.0,13.0,0.0
IFFOU,13.076923076923077,13.076923076923077,0.0
IGABI,7.115384615384615,7.115384615384615,0.0
IGEMBE CENTRAL,16.346153846153847,16.346153846153847,0.0
IGEMBE NORTH,16.307692307692307,16.307692307692307,0.0
IGEMBE SOUTH,15.076923076923077,15.076923076923077,0.0
IGUNGA,23.73076923076923,23.73076923076923,0.0
IHNASIYA,2.1923076923076925,2.1923076923076925,0.0
IKARA,4.615384615384615,4.615384615384615,0.0
IKOLOMANI,4.461538461538462,4.461538461538462,0.0
IKUNGI,23.884615384615383,23.884615384615383,0.0
IKWO,14.615384615384615,14.615384615384615,0.0
ILE,19.115384615384617,19.115384615384617,0.0
ILEBO,0.15384615384615385,0.15384615384615385,0.0
ILEMBE,20.846153846153847,20.846153846153847,0.0
ILEMELA,16.0,16.0,0.0
ILLELA,1.0769230769230769,1.0769230769230769,0.0
ILUBABOR,0.19230769230769232,0.19230769230769232,0.0
IMBABAH,2.1923076923076925,2.1923076923076925,0.0
INDÉNIÉ-DJUABLIN,13.307692307692308,13.307692307692308,0.0
INGAWA,0.6923076923076923,0.6923076923076923,0.0
INSIZA,33.23076923076923,33.23076923076923,0.0
IRAMBA,25.192307692307693,25.192307692307693,0.0
IREPO,13.538461538461538,13.538461538461538,0.0
IRINGA RURAL,26.615384615384617,26.615384615384617,0.0
ISA,0.3076923076923077,0.3076923076923077,0.0
ISALE,17.23076923076923,17.23076923076923,0.0
ISEYIN,14.692307692307692,14.692307692307692,0.0
ISHIELU,13.884615384615385,13.884615384615385,0.0
ISINGIRO,19.923076923076923,19.923076923076923,0.0
ISMAILIA,2.8846153846153846,2.8846153846153846,0.0
ISNA,2.923076923076923,2.923076923076923,0.0
ISOKA,16.346153846153847,16.346153846153847,0.0
ITABA,17.5,17.5,0.0
ITAS/GADAU,0.34615384615384615,0.34615384615384615,0.0
ITASY,16.192307692307693,16.192307692307693,0.0
ITEZHI-TEZHI,17.807692307692307,17.807692307692307,0.0
ITILIMA,19.653846153846153,19.653846153846153,0.0
ITSA,2.923076923076923,2.923076923076923,0.0
ITYAY AL-BARUD,3.6538461538461537,3.6538461538461537,0.0
IZZI,13.461538461538462,13.461538461538462,0.0
JADA,5.0,5.0,0.0
JAHUN,2.8076923076923075,2.8076923076923075,0.0
JAKUSKO,1.9230769230769231,1.9230769230769231,0.0
JALINGO,7.461538461538462,7.461538461538462,0.0
JAMA'ARE,3.3076923076923075,3.3076923076923075,0.0
JAMBA,27.53846153846154,27.53846153846154,0.0
JAWHAR,13.346153846153847,13.346153846153847,0.0
JEGA,2.3846153846153846,2.3846153846153846,0.0
JEMA'A,7.115384615384615,7.115384615384615,0.0
JERE,0.0,0.0,0.0
JIBIA,0.038461538461538464,0.038461538461538464,0.0
JIE,8.346153846153847,8.346153846153847,0.0
JIMMA,0.11538461538461539,0.11538461538461539,0.0
JINJA,20.346153846153847,20.346153846153847,0.0
JIRAPA,0.34615384615384615,0.34615384615384615,0.0
JIRJA,0.0,0.0,0.0
JOE GQABI,18.884615384615383,18.884615384615383,0.0
JONAM,9.73076923076923,9.73076923076923,0.0
JORQUELLEH,11.538461538461538,11.538461538461538,0.0
JUHAYNAH AL-GHARBIYAH,0.0,0.0,0.0
KABADOUGOU,4.6923076923076925,4.6923076923076925,0.0
KABALE,18.5,18.5,0.0
KABALO,10.615384615384615,10.615384615384615,0.0
KABARE,6.6923076923076925,6.6923076923076925,0.0
KABARORE,18.53846153846154,18.53846153846154,0.0
KABBIA,0.6923076923076923,0.6923076923076923,0.0
KABERAMAIDO,21.076923076923077,21.076923076923077,0.0
KABEYA-KAMWANGA,0.19230769230769232,0.19230769230769232,0.0
KABINDA,0.11538461538461539,0.11538461538461539,0.0
KABO,50.69230769230769,50.69230769230769,0.0
KABOMPO,17.73076923076923,17.73076923076923,0.0
KABONDO KASIPUL,4.923076923076923,4.923076923076923,0.0
KABUCHAI,3.4615384615384617,3.4615384615384617,0.0
KABULA,22.653846153846153,22.653846153846153,0.0
KABWE,16.5,16.5,0.0
KACHELIBA,5.730769230769231,5.730769230769231,0.0
KADIOGO,1.2692307692307692,1.2692307692307692,0.0
KADIOLO,1.5384615384615385,1.5384615384615385,0.0
KAFIN HAUSA,0.0,0.0,0.0
KAFR AD-DAWWAR,3.230769230769231,3.230769230769231,0.0
KAFR ASH-SHAYKH,3.6538461538461537,3.6538461538461537,0.0
KAFR AZ-ZAYYAT,3.6538461538461537,3.6538461538461537,0.0
KAFR SA'D,3.6538461538461537,3.6538461538461537,0.0
KAFR SAQR,3.6538461538461537,3.6538461538461537,0.0
KAFUE,23.96153846153846,23.96153846153846,0.0
KAFUR,3.1153846153846154,3.1153846153846154,0.0
KAGA,0.15384615384615385,0.15384615384615385,0.0
KAGA-BANDORO,7.576923076923077,7.576923076923077,0.0
KAGARKO,6.730769230769231,6.730769230769231,0.0
KAGOMA,18.576923076923077,18.576923076923077,0.0
KAHAMA,16.846153846153847,16.846153846153847,0.0
KAHAMA TOWN,16.76923076923077,16.76923076923077,0.0
KAHENGE,21.884615384615383,21.884615384615383,0.0
KAIAMA,12.461538461538462,12.461538461538462,0.0
KAILO,0.11538461538461539,0.11538461538461539,0.0
KAITA,0.19230769230769232,0.19230769230769232,0.0
KAJIADO CENTRAL,4.423076923076923,4.423076923076923,0.0
KAJIADO EAST,4.615384615384615,4.615384615384615,0.0
KAJIADO SOUTH,4.153846153846154,4.153846153846154,0.0
KAJIADO WEST,5.269230769230769,5.269230769230769,0.0
KAJO KAII,9.26923076923077,9.26923076923077,0.0
KAJURU,7.6923076923076925,7.6923076923076925,0.0
KAKUUTO,19.5,19.5,0.0
KALAKI,21.115384615384617,21.115384615384617,0.0
KALALÉ,11.5,11.5,0.0
KALAMBO,21.346153846153847,21.346153846153847,0.0
KALEHE,5.846153846153846,5.846153846153846,0.0
KALGO,0.34615384615384615,0.34615384615384615,0.0
KALIUA,23.923076923076923,23.923076923076923,0.0
KALOLENI,18.03846153846154,18.03846153846154,0.0
KALOMO,19.307692307692307,19.307692307692307,0.0
KALTUNGO,0.4230769230769231,0.4230769230769231,0.0
KALULUSHI,17.46153846153846,17.46153846153846,0.0
KAMBOVE,9.884615384615385,9.884615384615385,0.0
KAMONIA,0.15384615384615385,0.15384615384615385,0.0
KAMONYI,17.26923076923077,17.26923076923077,0.0
KANAM,1.7307692307692308,1.7307692307692308,0.0
KANCHIBIYA,18.423076923076923,18.423076923076923,0.0
KANDARA,11.846153846153847,11.846153846153847,0.0
KANDI,1.0384615384615385,1.0384615384615385,0.0
KANDUYI,4.461538461538462,4.461538461538462,0.0
KANKAN,1.3846153846153846,1.3846153846153846,0.0
KANKARA,5.615384615384615,5.615384615384615,0.0
KANKIA,4.3076923076923075,4.3076923076923075,0.0
KAOMA,16.692307692307693,16.692307692307693,0.0
KAPAKO,22.5,22.5,0.0
KAPELEBYONG,19.615384615384617,19.615384615384617,0.0
KAPENGURIA,6.0,6.0,0.0
KAPIRI MPOSHI,16.846153846153847,16.846153846153847,0.0
KAPSERET,4.0,4.0,0.0
KARACHUONYO,5.346153846153846,5.346153846153846,0.0
KARAGA,0.4230769230769231,0.4230769230769231,0.0
KARAGWE,15.884615384615385,15.884615384615385,0.0
KARASUWA,1.2692307692307692,1.2692307692307692,0.0
KARATU,18.115384615384617,18.115384615384617,0.0
KARAYE,1.6538461538461537,1.6538461538461537,0.0
KARIM LAMIDO,0.0,0.0,0.0
KARIMAMA,0.19230769230769232,0.19230769230769232,0.0
KARONGI,19.615384615384617,19.615384615384617,0.0
KARU,7.1923076923076925,7.1923076923076925,0.0
KASAMA,16.53846153846154,16.53846153846154,0.0
KASEMPA,18.46153846153846,18.46153846153846,0.0
KASENA NANKANA EAST,0.3076923076923077,0.3076923076923077,0.0
KASENA NANKANA WEST,0.5,0.5,0.0
KASENENGWA,22.5,22.5,0.0
KASENGA,10.692307692307692,10.692307692307692,0.0
KASILO,22.153846153846153,22.153846153846153,0.0
KASIPUL,4.923076923076923,4.923076923076923,0.0
KASONGO,0.19230769230769232,0.19230769230769232,0.0
KASSANDA,21.884615384615383,21.884615384615383,0.0
KASULU,23.76923076923077,23.76923076923077,0.0
KATAGUM,3.1923076923076925,3.1923076923076925,0.0
KATANDA,0.15384615384615385,0.15384615384615385,0.0
KATCHA,7.961538461538462,7.961538461538462,0.0
KATETE,20.923076923076923,20.923076923076923,0.0
KATI,1.4230769230769231,1.4230769230769231,0.0
KATIKAMU,19.96153846153846,19.96153846153846,0.0
KATSINA-ALA,12.807692307692308,12.807692307692308,0.0
KAUGAMA,0.0,0.0,0.0
KAURA NAMODA,2.3461538461538463,2.3461538461538463,0.0
KAURU,6.923076923076923,6.923076923076923,0.0
KAWM HAMADAH,2.923076923076923,2.923076923076923,0.0
KAWM UMBU,0.0,0.0,0.0
KAYANZA,17.73076923076923,17.73076923076923,0.0
KAYES,0.34615384615384615,0.34615384615384615,0.0
KAYOGORO,17.115384615384617,17.115384615384617,0.0
KAYOKWE,19.46153846153846,19.46153846153846,0.0
KAYONZA,16.96153846153846,16.96153846153846,0.0
KAZAURE,0.38461538461538464,0.38461538461538464,0.0
KAZUNGULA,21.384615384615383,21.384615384615383,0.0
KEANA,8.115384615384615,8.115384615384615,0.0
KEBBE,3.0,3.0,0.0
KEFFA,0.23076923076923078,0.23076923076923078,0.0
KEFFI,7.153846153846154,7.153846153846154,0.0
KEIYO NORTH,4.3076923076923075,4.3076923076923075,0.0
KEIYO SOUTH,4.769230769230769,4.769230769230769,0.0
KELEM WELLEGA,0.19230769230769232,0.19230769230769232,0.0
KEMBÉ,8.884615384615385,8.884615384615385,0.0
KESSES,3.6923076923076925,3.6923076923076925,0.0
KETU NORTH,12.384615384615385,12.384615384615385,0.0
KETU SOUTH,12.423076923076923,12.423076923076923,0.0
KGATLENG,2.730769230769231,2.730769230769231,0.0
KHWISERO,4.461538461538462,4.461538461538462,0.0
KIBAGO,19.03846153846154,19.03846153846154,0.0
KIBALE,17.615384615384617,17.615384615384617,0.0
KIBANDA,22.5,22.5,0.0
KIBIYA,3.269230769230769,3.269230769230769,0.0
KIBOGA,21.115384615384617,21.115384615384617,0.0
KIBUKU,20.384615384615383,20.384615384615383,0.0
KIBWEZI EAST,16.153846153846153,16.153846153846153,0.0
KIBWEZI WEST,17.307692307692307,17.307692307692307,0.0
KIENI,4.769230769230769,4.769230769230769,0.0
KIGANDA,17.5,17.5,0.0
KIGULU,21.23076923076923,21.23076923076923,0.0
KIGUMO,14.0,14.0,0.0
KIHARU,11.923076923076923,11.923076923076923,0.0
KILAK,10.26923076923077,10.26923076923077,0.0
KILGORIS,3.5384615384615383,3.5384615384615383,0.0
KILINDI,16.23076923076923,16.23076923076923,0.0
KILOLO,23.5,23.5,0.0
KILOMBERO,24.26923076923077,24.26923076923077,0.0
KILOME,16.807692307692307,16.807692307692307,0.0
KILOSA,27.53846153846154,27.53846153846154,0.0
KILWA,25.384615384615383,25.384615384615383,0.0
KIMILILI,3.8846153846153846,3.8846153846153846,0.0
KIMININI,4.576923076923077,4.576923076923077,0.0
KINANGO,15.461538461538462,15.461538461538462,0.0
KINANGOP,14.5,14.5,0.0
KINDIA,1.4615384615384615,1.4615384615384615,0.0
KINKIIZI,19.192307692307693,19.192307692307693,0.0
KINTAMPO NORTH,13.076923076923077,13.076923076923077,0.0
KINYINYA,16.807692307692307,16.807692307692307,0.0
KIPIPIRI,14.23076923076923,14.23076923076923,0.0
KIPKELION EAST,4.461538461538462,4.461538461538462,0.0
KIPKELION WEST,4.0,4.0,0.0
KIPUSHI,9.807692307692308,9.807692307692308,0.0
KIREHE,17.384615384615383,17.384615384615383,0.0
KIREMBA,19.615384615384617,19.615384615384617,0.0
KIRFI,2.769230769230769,2.769230769230769,0.0
KIRI KASAMA,0.0,0.0,0.0
KIRINYAGA CENTRAL,14.115384615384615,14.115384615384615,0.0
KIRU,2.230769230769231,2.230769230769231,0.0
KISHAPU,11.884615384615385,11.884615384615385,0.0
KISMAAYO,10.0,10.0,0.0
KISOKO (WEST BUDAMA),19.46153846153846,19.46153846153846,0.0
KISORO,19.884615384615383,19.884615384615383,0.0
KITA,1.2692307692307692,1.2692307692307692,0.0
KITETO,25.384615384615383,25.384615384615383,0.0
KITUI CENTRAL,13.192307692307692,13.192307692307692,0.0
KITUI EAST,16.46153846153846,16.46153846153846,0.0
KITUI RURAL,12.76923076923077,12.76923076923077,0.0
KITUI SOUTH,13.0,13.0,0.0
KITUI WEST,13.461538461538462,13.461538461538462,0.0
KITUTU CHACHE NORTH,5.1923076923076925,5.1923076923076925,0.0
KITUTU MASABA,5.153846153846154,5.153846153846154,0.0
KITWE,18.0,18.0,0.0
KIYAWA,2.9615384615384617,2.9615384615384617,0.0
KLOUÉKANMÈ,9.26923076923077,9.26923076923077,0.0
KOBOKO,10.307692307692308,10.307692307692308,0.0
KOKO/BESSE,3.6153846153846154,3.6153846153846154,0.0
KOKONA,7.1923076923076925,7.1923076923076925,0.0
KOLE,10.76923076923077,10.76923076923077,0.0
KOLOKANI,0.2692307692307692,0.2692307692307692,0.0
KOLONDIÉBA,1.6153846153846154,1.6153846153846154,0.0
KOMPIENGA,0.0,0.0,0.0
KONDOA,26.03846153846154,26.03846153846154,0.0
KONDUGA,0.34615384615384615,0.34615384615384615,0.0
KONGASIS,20.192307692307693,20.192307692307693,0.0
KONGOLO,10.384615384615385,10.384615384615385,0.0
KONGOLO (VILLE),11.846153846153847,11.846153846153847,0.0
KONGWA,23.692307692307693,23.692307692307693,0.0
KONOBO,13.0,13.0,0.0
KONOIN,4.653846153846154,4.653846153846154,0.0
KONSHISHA,13.038461538461538,13.038461538461538,0.0
KONTAGORA,6.730769230769231,6.730769230769231,0.0
KOOKI,21.576923076923077,21.576923076923077,0.0
KORO,0.2692307692307692,0.2692307692307692,0.0
KOROGWE,16.96153846153846,16.96153846153846,0.0
KOSSI,0.6923076923076923,0.6923076923076923,0.0
KOUANDÉ,2.0,2.0,0.0
KOUANGO,8.307692307692308,8.307692307692308,0.0
KOULIKORO,0.7692307692307693,0.7692307692307693,0.0
KOULPÉLOGO,0.0,0.0,0.0
KOUNDARA,1.5384615384615385,1.5384615384615385,0.0
KOURITENGA,0.15384615384615385,0.15384615384615385,0.0
KOUROUSSA,1.3461538461538463,1.3461538461538463,0.0
KOURWÉOGO,1.7307692307692308,1.7307692307692308,0.0
KOUTIALA,0.8461538461538461,0.8461538461538461,0.0
KOZAH,5.384615384615385,5.384615384615385,0.0
KPANDAI,0.6923076923076923,0.6923076923076923,0.0
KPENDJAL,0.3076923076923077,0.3076923076923077,0.0
KPONE-KATAMANSO,14.038461538461538,14.038461538461538,0.0
KRACHI EAST,13.115384615384615,13.115384615384615,0.0
KRACHI NCHUMURU,15.115384615384615,15.115384615384615,0.0
KRACHI WEST,13.576923076923077,13.576923076923077,0.0
KUBAU,7.6923076923076925,7.6923076923076925,0.0
KUDAN,4.423076923076923,4.423076923076923,0.0
KUITO,23.26923076923077,23.26923076923077,0.0
KUJE,5.961538461538462,5.961538461538462,0.0
KUMBOTSO,3.4615384615384617,3.4615384615384617,0.0
KUMBUNGU,0.4230769230769231,0.4230769230769231,0.0
KUMI,22.346153846153847,22.346153846153847,0.0
KUNCHI,2.3076923076923075,2.3076923076923075,0.0
KUNTUWAARAY,10.423076923076923,10.423076923076923,0.0
KURA,1.1153846153846154,1.1153846153846154,0.0
KURESOI NORTH,5.1923076923076925,5.1923076923076925,0.0
KURESOI SOUTH,5.269230769230769,5.269230769230769,0.0
KURFI,3.3076923076923075,3.3076923076923075,0.0
KURIA EAST,3.1923076923076925,3.1923076923076925,0.0
KURIA WEST,3.8461538461538463,3.8461538461538463,0.0
KUSADA,3.6923076923076925,3.6923076923076925,0.0
KUVANGO,25.115384615384617,25.115384615384617,0.0
KWAHU AFRAM PLAINS NORTH,13.153846153846153,13.153846153846153,0.0
KWAHU AFRAM PLAINS SOUTH,13.961538461538462,13.961538461538462,0.0
KWAHU SOUTH,13.615384615384615,13.615384615384615,0.0
KWALI,6.461538461538462,6.461538461538462,0.0
KWAMI,2.230769230769231,2.230769230769231,0.0
KWANDE,14.538461538461538,14.538461538461538,0.0
KWANIA,10.807692307692308,10.807692307692308,0.0
KWANZA,4.6923076923076925,4.6923076923076925,0.0
KWARE,0.34615384615384615,0.34615384615384615,0.0
KWEEN,20.807692307692307,20.807692307692307,0.0
KWEKWE,29.615384615384617,29.615384615384617,0.0
KWENENG NORTH,14.26923076923077,14.26923076923077,0.0
KWENENG SOUTH,13.961538461538462,13.961538461538462,0.0
KWIMBA,22.384615384615383,22.384615384615383,0.0
KYAKA,16.884615384615383,16.884615384615383,0.0
KYOGA,9.884615384615385,9.884615384615385,0.0
KÉNÉDOUGOU,1.2307692307692308,1.2307692307692308,0.0
KÉRAN,4.461538461538462,4.461538461538462,0.0
KÉROU,1.8846153846153846,1.8846153846153846,0.0
KÉTOU,9.884615384615385,9.884615384615385,0.0
LABWOR,8.576923076923077,8.576923076923077,0.0
LAC IRO,0.9230769230769231,0.9230769230769231,0.0
LAC WEY,0.7692307692307693,0.7692307692307693,0.0
LACS,12.923076923076923,12.923076923076923,0.0
LAFIA,8.153846153846153,8.153846153846153,0.0
LAIKIPIA EAST,4.8076923076923075,4.8076923076923075,0.0
LAIKIPIA NORTH,5.423076923076923,5.423076923076923,0.0
LAIKIPIA WEST,5.884615384615385,5.884615384615385,0.0
LALAUA,21.5,21.5,0.0
LAMU WEST,16.192307692307693,16.192307692307693,0.0
LAMURDE,0.0,0.0,0.0
LAMWO,9.615384615384615,9.615384615384615,0.0
LANGTANG NORTH,1.6923076923076923,1.6923076923076923,0.0
LANGTANG SOUTH,4.769230769230769,4.769230769230769,0.0
LANYA,0.5384615384615384,0.5384615384615384,0.0
LAPAI,6.8076923076923075,6.8076923076923075,0.0
LARI,15.384615384615385,15.384615384615385,0.0
LAU,2.3076923076923075,2.3076923076923075,0.0
LAVUN,6.576923076923077,6.576923076923077,0.0
LEJWELEPUTSWA,21.5,21.5,0.0
LERE,7.423076923076923,7.423076923076923,0.0
LICHINGA,20.53846153846154,20.53846153846154,0.0
LIKASI,11.038461538461538,11.038461538461538,0.0
LIKUYANI,4.730769230769231,4.730769230769231,0.0
LILONGWE CITY,21.615384615384617,21.615384615384617,0.0
LIMURU,17.26923076923077,17.26923076923077,0.0
LIRA,10.653846153846153,10.653846153846153,0.0
LOBAMBA LOMDZALA,17.192307692307693,17.192307692307693,0.0
LOBITO,27.653846153846153,27.653846153846153,0.0
LOGO,10.846153846153847,10.846153846153847,0.0
LOKOJA,10.653846153846153,10.653846153846153,0.0
LOMAHASHA,18.307692307692307,18.307692307692307,0.0
LONDUIMBALE,22.923076923076923,22.923076923076923,0.0
LONGONJO,23.76923076923077,23.76923076923077,0.0
LOUG CHARI,1.0384615384615385,1.0384615384615385,0.0
LUANO,17.53846153846154,17.53846153846154,0.0
LUANSHYA,17.653846153846153,17.653846153846153,0.0
LUBANGO,28.03846153846154,28.03846153846154,0.0
LUBAO,0.15384615384615385,0.15384615384615385,0.0
LUBERO,10.076923076923077,10.076923076923077,0.0
LUBUDI,10.73076923076923,10.73076923076923,0.0
LUBULI,18.26923076923077,18.26923076923077,0.0
LUBUMBASHI,10.0,10.0,0.0
LUFWANYAMA,18.23076923076923,18.23076923076923,0.0
LUGARI,4.269230769230769,4.269230769230769,0.0
LUGONGOLWENI,17.5,17.5,0.0
LUILU,0.11538461538461539,0.11538461538461539,0.0
LUMBALA-NGUIMBO,25.23076923076923,25.23076923076923,0.0
LUMEZI,19.5,19.5,0.0
LUNDAZI,19.46153846153846,19.46153846153846,0.0
LUNGALUNGA,16.03846153846154,16.03846153846154,0.0
LUPANE,31.03846153846154,31.03846153846154,0.0
LUPATAPATA,0.23076923076923078,0.23076923076923078,0.0
LURAMBI,5.230769230769231,5.230769230769231,0.0
LUUKA,20.653846153846153,20.653846153846153,0.0
LUXOR,0.0,0.0,0.0
LÉRABA,1.1153846153846154,1.1153846153846154,0.0
LÔH-DJIBOUA,11.961538461538462,11.961538461538462,0.0
M'BAÏKI,8.5,8.5,0.0
MABANDA,18.884615384615383,18.884615384615383,0.0
MABAYI,16.73076923076923,16.73076923076923,0.0
MABOTE,17.76923076923077,17.76923076923077,0.0
MACANGA,17.73076923076923,17.73076923076923,0.0
MACHAKOS TOWN,15.538461538461538,15.538461538461538,0.0
MACHANENG,11.384615384615385,11.384615384615385,0.0
MACHINA,0.8076923076923077,0.8076923076923077,0.0
MACINA,0.0,0.0,0.0
MACOMIA,21.384615384615383,21.384615384615383,0.0
MADAGALI,5.423076923076923,5.423076923076923,0.0
MADI-OKOLLO,6.576923076923077,6.576923076923077,0.0
MADLANGEMPISI,18.846153846153847,18.846153846153847,0.0
MADOBI,1.1153846153846154,1.1153846153846154,0.0
MAFINGA,15.538461538461538,15.538461538461538,0.0
MAGAMA,4.730769230769231,4.730769230769231,0.0
MAGANJA DA COSTA,21.346153846153847,21.346153846153847,0.0
MAGARINI,16.653846153846153,16.653846153846153,0.0
MAGHAGHAH,4.384615384615385,4.384615384615385,0.0
MAGOE,22.615384615384617,22.615384615384617,0.0
MAGU,15.884615384615385,15.884615384615385,0.0
MAGUDE,13.038461538461538,13.038461538461538,0.0
MAGUMERI,0.34615384615384615,0.34615384615384615,0.0
MAGWI,10.692307692307692,10.692307692307692,0.0
MAHALAPYE,11.153846153846153,11.153846153846153,0.0
MAHALAT DIMNAH,3.6538461538461537,3.6538461538461537,0.0
MAHLANGATJA,18.153846153846153,18.153846153846153,0.0
MAI'ADUA,0.7692307692307693,0.7692307692307693,0.0
MAIDUGURI,0.2692307692307692,0.2692307692307692,0.0
MAIGATARI,0.15384615384615385,0.15384615384615385,0.0
MAIYAMA,2.3461538461538463,2.3461538461538463,0.0
MAKAMBA,17.76923076923077,17.76923076923077,0.0
MAKARFI,3.9615384615384617,3.9615384615384617,0.0
MAKEBUKO,16.26923076923077,16.26923076923077,0.0
MAKODA,1.2692307692307692,1.2692307692307692,0.0
MAKONDE,24.23076923076923,24.23076923076923,0.0
MAKONI,25.26923076923077,25.26923076923077,0.0
MAKUENI,14.653846153846153,14.653846153846153,0.0
MAKURDI,10.23076923076923,10.23076923076923,0.0
MALAM MADURI,0.0,0.0,0.0
MALANJE,23.153846153846153,23.153846153846153,0.0
MALANVILLE,0.34615384615384615,0.34615384615384615,0.0
MALAVA,4.5,4.5,0.0
MALEMA,21.346153846153847,21.346153846153847,0.0
MALEMBA-NKULU,10.846153846153847,10.846153846153847,0.0
MALINDI,15.346153846153847,15.346153846153847,0.0
MALLAWI,0.0,0.0,0.0
MALLAWI CITY,0.0,0.0,0.0
MALUMFASHI,4.846153846153846,4.846153846153846,0.0
MAMBWE,20.53846153846154,20.53846153846154,0.0
MAMPONG,13.807692307692308,13.807692307692308,0.0
MAMPRUGU MOAGDURI,0.2692307692307692,0.2692307692307692,0.0
MANDIANA,1.1153846153846154,1.1153846153846154,0.0
MANDIMBA,22.884615384615383,22.884615384615383,0.0
MANDOUL OCCIDENTAL,0.7692307692307693,0.7692307692307693,0.0
MANDOUL ORIENTAL,0.8461538461538461,0.8461538461538461,0.0
MANFALUT,0.0,0.0,0.0
MANGAUNG,23.115384615384617,23.115384615384617,0.0
MANGU,7.346153846153846,7.346153846153846,0.0
MANGWE,31.384615384615383,31.384615384615383,0.0
MANHIÇA,24.384615384615383,24.384615384615383,0.0
MANI,0.0,0.0,0.0
MANICA,23.307692307692307,23.307692307692307,0.0
MANONO,10.423076923076923,10.423076923076923,0.0
MANSA,20.846153846153847,20.846153846153847,0.0
MANYINGA,17.153846153846153,17.153846153846153,0.0
MANYONI,25.153846153846153,25.153846153846153,0.0
MARACHA,10.346153846153847,10.346153846153847,0.0
MARADUN,0.15384615384615385,0.15384615384615385,0.0
MARAGWA,12.192307692307692,12.192307692307692,0.0
MARAHOUÉ,12.461538461538462,12.461538461538462,0.0
MARAKWET EAST,4.115384615384615,4.115384615384615,0.0
MARAKWET WEST,4.076923076923077,4.076923076923077,0.0
MARAVIA,19.653846153846153,19.653846153846153,0.0
MARIGA,6.461538461538462,6.461538461538462,0.0
MARINGUE,26.346153846153847,26.346153846153847,0.0
MARKA,8.115384615384615,8.115384615384615,0.0
MARKOUNDA,9.5,9.5,0.0
MARONDERA,26.5,26.5,0.0
MARRACUENE,25.73076923076923,25.73076923076923,0.0
MARROMEU,23.26923076923077,23.26923076923077,0.0
MARRUPA,21.692307692307693,21.692307692307693,0.0
MARU,5.6923076923076925,5.6923076923076925,0.0
MARUZI,10.384615384615385,10.384615384615385,0.0
MASAITI,18.0,18.0,0.0
MASASI,28.76923076923077,28.76923076923077,0.0
MASASI TOWN,32.0,32.0,0.0
MASEYISINI,16.115384615384617,16.115384615384617,0.0
MASHARE,23.5,23.5,0.0
MASHEGU,7.269230769230769,7.269230769230769,0.0
MASHI,1.2307692307692308,1.2307692307692308,0.0
MASHTUL AS-SUQ,3.6538461538461537,3.6538461538461537,0.0
MASINGA,14.461538461538462,14.461538461538462,0.0
MASISI,6.961538461538462,6.961538461538462,0.0
MASSINGA,27.03846153846154,27.03846153846154,0.0
MASUNGU,27.153846153846153,27.153846153846153,0.0
MASVINGO,32.69230769230769,32.69230769230769,0.0
MASWA,18.23076923076923,18.23076923076923,0.0
MATALA,28.03846153846154,28.03846153846154,0.0
MATANA,16.846153846153847,16.846153846153847,0.0
MATAY,4.384615384615385,4.384615384615385,0.0
MATAYOS,4.615384615384615,4.615384615384615,0.0
MATAZU,5.423076923076923,5.423076923076923,0.0
MATHIRA,14.653846153846153,14.653846153846153,0.0
MATOBO,33.65384615384615,33.65384615384615,0.0
MATONGO,18.923076923076923,18.923076923076923,0.0
MATSANJENI NORTH,17.23076923076923,17.23076923076923,0.0
MATUGA,14.538461538461538,14.538461538461538,0.0
MATUNGU,4.5,4.5,0.0
MATUNGULU,17.423076923076923,17.423076923076923,0.0
MATÉRI,0.0,0.0,0.0
MAVOKO,18.0,18.0,0.0
MAWOGOLA,20.615384615384617,20.615384615384617,0.0
MAWOKOTA,19.884615384615383,19.884615384615383,0.0
MAYIWANE,19.76923076923077,19.76923076923077,0.0
MAYO DANAY,0.9230769230769231,0.9230769230769231,0.0
MAYO KANI,1.5769230769230769,1.5769230769230769,0.0
MAYO LOUTI,2.8846153846153846,2.8846153846153846,0.0
MAYO REY,2.6153846153846154,2.6153846153846154,0.0
MAYO SAVA,1.5384615384615385,1.5384615384615385,0.0
MAYO TSANAGA,4.230769230769231,4.230769230769231,0.0
MAYO-BELWA,5.769230769230769,5.769230769230769,0.0
MAYO-BONEYE,0.5,0.5,0.0
MAYO-DALLAH,0.6923076923076923,0.6923076923076923,0.0
MAZABUKA,17.153846153846153,17.153846153846153,0.0
MAZOWE,23.076923076923077,23.076923076923077,0.0
MAÚA,20.53846153846154,20.53846153846154,0.0
MBALA,16.46153846153846,16.46153846153846,0.0
MBANGWENI,16.615384615384617,16.615384615384617,0.0
MBARALI,24.76923076923077,24.76923076923077,0.0
MBEERE NORTH,17.96153846153846,17.96153846153846,0.0
MBEERE SOUTH,15.961538461538462,15.961538461538462,0.0
MBERENGWA,31.73076923076923,31.73076923076923,0.0
MBEYA RURAL,21.26923076923077,21.26923076923077,0.0
MBINGA,22.346153846153847,22.346153846153847,0.0
MBOGWE,16.5,16.5,0.0
MBOONI,13.76923076923077,13.76923076923077,0.0
MBOZI,22.884615384615383,22.884615384615383,0.0
MBULU,25.807692307692307,25.807692307692307,0.0
MBUYE,18.807692307692307,18.807692307692307,0.0
MEATU,13.807692307692308,13.807692307692308,0.0
MECANHELAS,19.46153846153846,19.46153846153846,0.0
MECONTA,21.346153846153847,21.346153846153847,0.0
MECUBURI,18.923076923076923,18.923076923076923,0.0
MEHAKELEGNAW,0.19230769230769232,0.19230769230769232,0.0
MELAKY,16.153846153846153,16.153846153846153,0.0
MELUCO,21.384615384615383,21.384615384615383,0.0
MEMBA,20.307692307692307,20.307692307692307,0.0
MENABE,16.76923076923077,16.76923076923077,0.0
MENONGUE,24.26923076923077,24.26923076923077,0.0
METARICA,22.653846153846153,22.653846153846153,0.0
MHLANGATANE,19.615384615384617,19.615384615384617,0.0
MHLUME,18.576923076923077,18.576923076923077,0.0
MHONDORO-NGEZI,27.26923076923077,27.26923076923077,0.0
MIABI,0.11538461538461539,0.11538461538461539,0.0
MICHIKA,8.153846153846153,8.153846153846153,0.0
MIGA,0.3076923076923077,0.3076923076923077,0.0
MIKANG,4.038461538461538,4.038461538461538,0.0
MILANGE,18.423076923076923,18.423076923076923,0.0
MINJIBIR,3.3846153846153846,3.3846153846153846,0.0
MINUF,3.6538461538461537,3.6538461538461537,0.0
MINUF CITY,3.6538461538461537,3.6538461538461537,0.0
MINYA AL-QAMH,4.384615384615385,4.384615384615385,0.0
MINYAT AN-NASR,3.230769230769231,3.230769230769231,0.0
MION,0.8461538461538461,0.8461538461538461,0.0
MIRAB ARSI,0.038461538461538464,0.038461538461538464,0.0
MIRAB GOJJAM,0.07692307692307693,0.07692307692307693,0.0
MIRAB HARARGHE,0.0,0.0,0.0
MIRAB SHEWA,0.038461538461538464,0.038461538461538464,0.0
MIRAB WELEGA,0.15384615384615385,0.15384615384615385,0.0
MISAU,3.5,3.5,0.0
MISHIHA,17.615384615384617,17.615384615384617,0.0
MISRAQ GOJJAM,0.07692307692307693,0.07692307692307693,0.0
MISRAQ HARERGE,0.07692307692307693,0.07692307692307693,0.0
MISRAQ SHEWA,0.0,0.0,0.0
MISRAQ WELLEGA,0.15384615384615385,0.15384615384615385,0.0
MISRAQAWI,0.0,0.0,0.0
MISSENYI,15.807692307692308,15.807692307692308,0.0
MISUNGWI,20.0,20.0,0.0
MIT GHAMR,2.923076923076923,2.923076923076923,0.0
MIT SALSIL,3.6538461538461537,3.6538461538461537,0.0
MKALAMA,26.846153846153847,26.846153846153847,0.0
MKHIWENI,18.076923076923077,18.076923076923077,0.0
MKUSHI,16.653846153846153,16.653846153846153,0.0
MLELE,22.346153846153847,22.346153846153847,0.0
MOATIZE,20.384615384615383,20.384615384615383,0.0
MOBA,10.076923076923077,10.076923076923077,0.0
MOBAYE,8.576923076923077,8.576923076923077,0.0
MOBBAR,2.3461538461538463,2.3461538461538463,0.0
MOGOTIO,5.884615384615385,5.884615384615385,0.0
MOGOVOLAS,20.76923076923077,20.76923076923077,0.0
MOIBEN,4.038461538461538,4.038461538461538,0.0
MOKWA,6.8076923076923075,6.8076923076923075,0.0
MOLO,5.0,5.0,0.0
MOMA,23.346153846153847,23.346153846153847,0.0
MOMBA,25.807692307692307,25.807692307692307,0.0
MONAPO,21.46153846153846,21.46153846153846,0.0
MONDULI,18.76923076923077,18.76923076923077,0.0
MONT ILLI,0.7307692307692307,0.7307692307692307,0.0
MONTEPUEZ,20.73076923076923,20.73076923076923,0.0
MONTS DE LAM,0.5,0.5,0.0
MONZE,16.03846153846154,16.03846153846154,0.0
MOPANI,21.0,21.0,0.0
MOPEIA,23.46153846153846,23.46153846153846,0.0
MORO,12.346153846153847,12.346153846153847,0.0
MOROGORO RURAL,26.076923076923077,26.076923076923077,0.0
MORONOU,13.961538461538462,13.961538461538462,0.0
MOROTO,10.846153846153847,10.846153846153847,0.0
MORRUMBALA,19.96153846153846,19.96153846153846,0.0
MORRUMBENE,26.73076923076923,26.73076923076923,0.0
MOSHI RURAL,16.576923076923077,16.576923076923077,0.0
MOSOP,4.384615384615385,4.384615384615385,0.0
MOSSURIL,21.153846153846153,21.153846153846153,0.0
MOSSURIZE,25.615384615384617,25.615384615384617,0.0
MOTJANE,15.692307692307692,15.692307692307692,0.0
MOUHOUN,0.9615384615384616,0.9615384615384616,0.0
MOUNT DARWIN,23.384615384615383,23.384615384615383,0.0
MPANDA,18.53846153846154,18.53846153846154,0.0
MPANDA RURAL,22.884615384615383,22.884615384615383,0.0
MPANDA URBAN,21.192307692307693,21.192307692307693,0.0
MPHALALENI,16.46153846153846,16.46153846153846,0.0
MPHOLONJENI,18.0,18.0,0.0
MPIKA,16.26923076923077,16.26923076923077,0.0
MPINGA-KAYOVE,18.307692307692307,18.307692307692307,0.0
MPONGWE,18.076923076923077,18.076923076923077,0.0
MPUNGU,22.615384615384617,22.615384615384617,0.0
MPWAPWA,25.115384615384617,25.115384615384617,0.0
MT. ELGON,3.6923076923076925,3.6923076923076925,0.0
MTSAMBAMA,17.807692307692307,17.807692307692307,0.0
MUBI NORTH,8.615384615384615,8.615384615384615,0.0
MUDZI,25.26923076923077,25.26923076923077,0.0
MUECATE,20.53846153846154,20.53846153846154,0.0
MUEDA,21.692307692307693,21.692307692307693,0.0
MUEMBE,19.115384615384617,19.115384615384617,0.0
MUFUMBWE,18.923076923076923,18.923076923076923,0.0
MUGAMBA,17.846153846153847,17.846153846153847,0.0
MUGINA,18.307692307692307,18.307692307692307,0.0
MUGONGOMANGA,17.46153846153846,17.46153846153846,0.0
MUHANGA,64.3076923076923,64.3076923076923,0.0
MUHORONI,4.615384615384615,4.615384615384615,0.0
MUHUTA,18.346153846153847,18.346153846153847,0.0
MUIDUMBE,20.53846153846154,20.53846153846154,0.0
MUKIKE,17.653846153846153,17.653846153846153,0.0
MUKWE,22.53846153846154,22.53846153846154,0.0
MUMBWA,18.692307692307693,18.692307692307693,0.0
MUMIAS EAST,5.038461538461538,5.038461538461538,0.0
MUMIAS WEST,4.653846153846154,4.653846153846154,0.0
MUNGO,22.692307692307693,22.692307692307693,0.0
MUNGWI,15.0,15.0,0.0
MURAMVYA,17.73076923076923,17.73076923076923,0.0
MUREHWA,23.03846153846154,23.03846153846154,0.0
MURRUPULA,21.5,21.5,0.0
MURUTA,18.576923076923077,18.576923076923077,0.0
MURWI,18.692307692307693,18.692307692307693,0.0
MUSANZE,18.692307692307693,18.692307692307693,0.0
MUSAWA,5.423076923076923,5.423076923076923,0.0
MUSOMA RURAL,16.653846153846153,16.653846153846153,0.0
MUSONGATI,17.53846153846154,17.53846153846154,0.0
MUTAMBU,17.846153846153847,17.846153846153847,0.0
MUTARARA,20.53846153846154,20.53846153846154,0.0
MUTARE,26.384615384615383,26.384615384615383,0.0
MUTIMBUZI,18.46153846153846,18.46153846153846,0.0
MUTOKO,24.0,24.0,0.0
MUTSHATSHA,11.653846153846153,11.653846153846153,0.0
MUTUBIS,4.384615384615385,4.384615384615385,0.0
MUYA,7.3076923076923075,7.3076923076923075,0.0
MUYINGA,19.192307692307693,19.192307692307693,0.0
MVOMERO,26.73076923076923,26.73076923076923,0.0
MWALA,15.461538461538462,15.461538461538462,0.0
MWANZA BOMA,21.153846153846153,21.153846153846153,0.0
MWEA,12.0,12.0,0.0
MWEKA,0.19230769230769232,0.19230769230769232,0.0
MWENEZI,28.346153846153847,28.346153846153847,0.0
MWENGE,21.53846153846154,21.53846153846154,0.0
MWINGI CENTRAL,13.576923076923077,13.576923076923077,0.0
MWINGI NORTH,17.5,17.5,0.0
MWINGI WEST,16.0,16.0,0.0
MWUMBA,19.03846153846154,19.03846153846154,0.0
MÔ,13.346153846153847,13.346153846153847,0.0
N'DALI,12.461538461538462,12.461538461538462,0.0
N'GAUMA,21.884615384615383,21.884615384615383,0.0
NABARUH,2.923076923076923,2.923076923076923,0.0
NACALA VELHA,21.73076923076923,21.73076923076923,0.0
NACHINGWEA,27.807692307692307,27.807692307692307,0.0
NAFADA,0.19230769230769232,0.19230769230769232,0.0
NAHOURI,0.6538461538461539,0.6538461538461539,0.0
NAHR YEI,8.461538461538462,8.461538461538462,0.0
NAIVASHA,4.8076923076923075,4.8076923076923075,0.0
NAJ' HAMMADI,0.0,0.0,0.0
NAKASEKE,21.923076923076923,21.923076923076923,0.0
NAKI-OUEST,0.4230769230769231,0.4230769230769231,0.0
NAKIFUMA,20.692307692307693,20.692307692307693,0.0
NAKONDE,16.884615384615383,16.884615384615383,0.0
NAMAKUNDE,27.576923076923077,27.576923076923077,0.0
NAMAPA,22.153846153846153,22.153846153846153,0.0
NAMARROI,19.73076923076923,19.73076923076923,0.0
NAMBALE,4.653846153846154,4.653846153846154,0.0
NAMPULA,21.0,21.0,0.0
NAMTUMBO,24.692307692307693,24.692307692307693,0.0
NAMUNO,19.307692307692307,19.307692307692307,0.0
NAMWALA,19.46153846153846,19.46153846153846,0.0
NANDI HILLS,3.730769230769231,3.730769230769231,0.0
NANGERE,2.6153846153846154,2.6153846153846154,0.0
NANTON,0.5384615384615384,0.5384615384615384,0.0
NANUMBA NORTH,0.8846153846153846,0.8846153846153846,0.0
NANUMBA SOUTH,0.6153846153846154,0.6153846153846154,0.0
NANYUMBU,29.807692307692307,29.807692307692307,0.0
NAQADAH,0.0,0.0,0.0
NARA,0.0,0.0,0.0
NAROK EAST,5.461538461538462,5.461538461538462,0.0
NAROK NORTH,4.461538461538462,4.461538461538462,0.0
NAROK SOUTH,4.8076923076923075,4.8076923076923075,0.0
NAROK WEST,4.076923076923077,4.076923076923077,0.0
NASARAWA,7.6923076923076925,7.6923076923076925,0.0
NASARAWA EGGON,8.0,8.0,0.0
NASIR BUSH,2.923076923076923,2.923076923076923,0.0
NASR,0.0,0.0,0.0
NATITINGOU,2.0,2.0,0.0
NAVAKHOLO,5.461538461538462,5.461538461538462,0.0
NAYALA,1.1923076923076923,1.1923076923076923,0.0
NCHELENGE,19.76923076923077,19.76923076923077,0.0
NDARAGWA,16.73076923076923,16.73076923076923,0.0
NDAVA,18.423076923076923,18.423076923076923,0.0
NDHIWA,4.153846153846154,4.153846153846154,0.0
NDIA,12.76923076923077,12.76923076923077,0.0
NDIYONA,23.346153846153847,23.346153846153847,0.0
NDOLA,17.76923076923077,17.76923076923077,0.0
NDORWA,20.384615384615383,20.384615384615383,0.0
NDZINGENI,17.884615384615383,17.884615384615383,0.0
NDÉLÉ,8.76923076923077,8.76923076923077,0.0
NEW SALHIYAH,0.0,0.0,0.0
NEWALA,23.96153846153846,23.96153846153846,0.0
NGAKA MODIRI MOLEMA,20.0,20.0,0.0
NGANDAJIKA,0.15384615384615385,0.15384615384615385,0.0
NGANZAI,0.38461538461538464,0.38461538461538464,0.0
NGASKI,2.269230769230769,2.269230769230769,0.0
NGORA,21.53846153846154,21.53846153846154,0.0
NGORORERO,20.26923076923077,20.26923076923077,0.0
NGOURKOSSO,0.9615384615384616,0.9615384615384616,0.0
NGOZI,17.423076923076923,17.423076923076923,0.0
NGURU,0.8076923076923077,0.8076923076923077,0.0
NGWAKETSE NORTH,14.653846153846153,14.653846153846153,0.0
NGWAKETSE SOUTH,14.346153846153847,14.346153846153847,0.0
NGWENPISI,17.346153846153847,17.346153846153847,0.0
NHAMATANDA,24.923076923076923,24.923076923076923,0.0
NHLAMBENI,18.96153846153846,18.96153846153846,0.0
NICOADALA,22.346153846153847,22.346153846153847,0.0
NIKKI,12.576923076923077,12.576923076923077,0.0
NINGI,5.230769230769231,5.230769230769231,0.0
NINGO-PRAMPRAM,10.961538461538462,10.961538461538462,0.0
NIONO,0.0,0.0,0.0
NIPEPE,22.192307692307693,22.192307692307693,0.0
NJORO,5.230769230769231,5.230769230769231,0.0
NKANGALA,19.307692307692307,19.307692307692307,0.0
NKANU EAST,13.076923076923077,13.076923076923077,0.0
NKASI,22.153846153846153,22.153846153846153,0.0
NKAYI,28.23076923076923,28.23076923076923,0.0
NKEYEMA,16.0,16.0,0.0
NKILONGO,18.346153846153847,18.346153846153847,0.0
NKORANZA NORTH,14.0,14.0,0.0
NKORANZA SOUTH,13.807692307692308,13.807692307692308,0.0
NKWANTA NORTH,12.576923076923077,12.576923076923077,0.0
NKWANTA SOUTH,12.846153846153847,12.846153846153847,0.0
NOLA,8.23076923076923,8.23076923076923,0.0
NORTH EAST GONJA,0.9230769230769231,0.9230769230769231,0.0
NORTH GONJA,0.7692307692307693,0.7692307692307693,0.0
NORTH MUGIRANGO,5.0,5.0,0.0
NORTH SHEWA,0.0,0.0,0.0
NORTH TONGU,12.884615384615385,12.884615384615385,0.0
NOUN,7.730769230769231,7.730769230769231,0.0
NTCHISI BOMA,19.96153846153846,19.96153846153846,0.0
NTEGA,19.53846153846154,19.53846153846154,0.0
NTENJERU,20.615384615384617,20.615384615384617,0.0
NTFONJENI,17.807692307692307,17.807692307692307,0.0
NTONDOZI,17.423076923076923,17.423076923076923,0.0
NUMAN,0.5,0.5,0.0
NWOYA,10.692307692307692,10.692307692307692,0.0
NYA PENDÉ,0.5769230769230769,0.5769230769230769,0.0
NYABIHANGA,18.192307692307693,18.192307692307693,0.0
NYABIHU,19.0,19.0,0.0
NYABIRABA,17.653846153846153,17.653846153846153,0.0
NYABUSHOZI,22.192307692307693,22.192307692307693,0.0
NYAGATARE,18.692307692307693,18.692307692307693,0.0
NYAKACH,4.730769230769231,4.730769230769231,0.0
NYAMAGABE,17.653846153846153,17.653846153846153,0.0
NYANDO,4.923076923076923,4.923076923076923,0.0
NYANG'HWALE,21.03846153846154,21.03846153846154,0.0
NYANGA,23.23076923076923,23.23076923076923,0.0
NYANRUSANGE,16.115384615384617,16.115384615384617,0.0
NYANZA,17.0,17.0,0.0
NYARIBARI CHACHE,5.153846153846154,5.153846153846154,0.0
NYARIBARI MASABA,4.8076923076923075,4.8076923076923075,0.0
NYARUGURU,17.153846153846153,17.153846153846153,0.0
NYATIKE,4.076923076923077,4.076923076923077,0.0
NYIMBA,20.692307692307693,20.692307692307693,0.0
NZEGA,26.23076923076923,26.23076923076923,0.0
OBI,14.0,14.0,0.0
OFFINSO NORTH,13.384615384615385,13.384615384615385,0.0
OGONGO,21.76923076923077,21.76923076923077,0.0
OGOU,12.192307692307692,12.192307692307692,0.0
OHANGWENA,23.5,23.5,0.0
OHAUKWU,14.0,14.0,0.0
OICHA,8.846153846153847,8.846153846153847,0.0
OKAHAO,19.73076923076923,19.73076923076923,0.0
OKAKU,21.26923076923077,21.26923076923077,0.0
OKALONGO,21.153846153846153,21.153846153846153,0.0
OKANKOLO,23.0,23.0,0.0
OKONGO,22.153846153846153,22.153846153846153,0.0
OKORO,10.23076923076923,10.23076923076923,0.0
OL JOROK,16.615384615384617,16.615384615384617,0.0
OL KALOU,14.26923076923077,14.26923076923077,0.0
OMATAKO,21.807692307692307,21.807692307692307,0.0
OMBADJA,24.884615384615383,24.884615384615383,0.0
OMORO,10.076923076923077,10.076923076923077,0.0
OMULONGA,23.423076923076923,23.423076923076923,0.0
OMUNDAUNGILO,22.23076923076923,22.23076923076923,0.0
OMUNTELE,20.26923076923077,20.26923076923077,0.0
OMUTHIYAGWIPUNDI,23.884615384615383,23.884615384615383,0.0
ONDANGWA,19.26923076923077,19.26923076923077,0.0
ONDOBE,23.692307692307693,23.692307692307693,0.0
ONESI,21.96153846153846,21.96153846153846,0.0
ONGENGA,22.53846153846154,22.53846153846154,0.0
ONGWEDIVA,20.5,20.5,0.0
ONIIPA,20.23076923076923,20.23076923076923,0.0
ONYAANYA,22.0,22.0,0.0
ORI-IRE,13.0,13.0,0.0
OSHIKANGO,23.923076923076923,23.923076923076923,0.0
OTAMANZI,18.5,18.5,0.0
OTAVI,25.576923076923077,25.576923076923077,0.0
OTI,0.23076923076923078,0.23076923076923078,0.0
OTI-SUD,3.1153846153846154,3.1153846153846154,0.0
OTUKPO,12.73076923076923,12.73076923076923,0.0
OUAKÉ,15.038461538461538,15.038461538461538,0.0
OUARA,0.0,0.0,0.0
OUTAPI,21.03846153846154,21.03846153846154,0.0
OUÈSSÈ,12.346153846153847,12.346153846153847,0.0
OYAM,10.538461538461538,10.538461538461538,0.0
OYO EAST,14.26923076923077,14.26923076923077,0.0
OYO WEST,14.461538461538462,14.461538461538462,0.0
PADYERE,9.115384615384615,9.115384615384615,0.0
PAIKORO,6.653846153846154,6.653846153846154,0.0
PALAPYE,13.307692307692308,13.307692307692308,0.0
PALLISA,20.423076923076923,20.423076923076923,0.0
PANTA-KPA,11.76923076923077,11.76923076923077,0.0
PAOUA,8.423076923076923,8.423076923076923,0.0
PARAKOU,12.576923076923077,12.576923076923077,0.0
PASSORÉ,2.1538461538461537,2.1538461538461537,0.0
PATEGI,11.692307692307692,11.692307692307692,0.0
PEMBA,71.3076923076923,71.3076923076923,0.0
PENDÉ,0.8076923076923077,0.8076923076923077,0.0
PETAUKE,19.423076923076923,19.423076923076923,0.0
PIXLEY KA SEME,12.346153846153847,12.346153846153847,0.0
POBÈ,9.692307692307692,9.692307692307692,0.0
POKOT SOUTH,4.230769230769231,4.230769230769231,0.0
PONI,1.3461538461538463,1.3461538461538463,0.0
PORO,4.846153846153846,4.846153846153846,0.0
POTISKUM,2.0,2.0,0.0
PRU EAST,13.5,13.5,0.0
PRU WEST,14.038461538461538,14.038461538461538,0.0
PUSIGA,0.4230769230769231,0.4230769230769231,0.0
PWETO,10.384615384615385,10.384615384615385,0.0
PÈRÈRÈ,12.115384615384615,12.115384615384615,0.0
PÉHUNCO,1.9615384615384615,1.9615384615384615,0.0
QAHA,2.923076923076923,2.923076923076923,0.0
QALLIN,2.923076923076923,2.923076923076923,0.0
QALYUB,2.1923076923076925,2.1923076923076925,0.0
QANSAX DHEERE,8.692307692307692,8.692307692307692,0.0
QINA,0.0,0.0,0.0
QORYOOLEY,10.538461538461538,10.538461538461538,0.0
QUA'AN PAN,7.5,7.5,0.0
QUIBALA,25.846153846153847,25.846153846153847,0.0
QUILENDA,29.192307692307693,29.192307692307693,0.0
QUILENGUES,28.5,28.5,0.0
QUS,0.0,0.0,0.0
QUTUR,3.3461538461538463,3.3461538461538463,0.0
QUWAYSINA,3.6538461538461537,3.6538461538461537,0.0
RABAH,0.0,0.0,0.0
RAFI,7.653846153846154,7.653846153846154,0.0
RAJA,1.8846153846153846,1.8846153846153846,0.0
RANGO,17.884615384615383,17.884615384615383,0.0
RANGWE,5.346153846153846,5.346153846153846,0.0
RANO,3.0384615384615383,3.0384615384615383,0.0
RARIEDA,5.923076923076923,5.923076923076923,0.0
RIBAUE,19.692307692307693,19.692307692307693,0.0
RIJAU,3.230769230769231,3.230769230769231,0.0
RIMI,0.6153846153846154,0.6153846153846154,0.0
RIMIN GADO,3.269230769230769,3.269230769230769,0.0
RINGIM,2.423076923076923,2.423076923076923,0.0
ROGO,3.230769230769231,3.230769230769231,0.0
RONGAI,5.038461538461538,5.038461538461538,0.0
RONGO,4.653846153846154,4.653846153846154,0.0
RONI,0.46153846153846156,0.46153846153846156,0.0
RORYA,13.923076923076923,13.923076923076923,0.0
ROSETTA,3.1538461538461537,3.1538461538461537,0.0
RUACANA,21.73076923076923,21.73076923076923,0.0
RUBABO,19.5,19.5,0.0
RUBANDA,19.73076923076923,19.73076923076923,0.0
RUBAVU,19.076923076923077,19.076923076923077,0.0
RUFIJI,12.884615384615385,12.884615384615385,0.0
RUFUNSA,22.346153846153847,22.346153846153847,0.0
RUGOMBO,20.26923076923077,20.26923076923077,0.0
RUHAAMA,20.384615384615383,20.384615384615383,0.0
RUHANGO,17.576923076923077,17.576923076923077,0.0
RUHORORO,17.346153846153847,17.346153846153847,0.0
RUKIGA,20.73076923076923,20.73076923076923,0.0
RULINDO,19.846153846153847,19.846153846153847,0.0
RUMBEK,2.769230769230769,2.769230769230769,0.0
RUMPHI BOMA,16.0,16.0,0.0
RUNDU RURAL EAST,23.615384615384617,23.615384615384617,0.0
RUNDU RURAL WEST,23.73076923076923,23.73076923076923,0.0
RUSAKA,17.5,17.5,0.0
RUSHENYI,19.73076923076923,19.73076923076923,0.0
RUSHINGA,22.807692307692307,22.807692307692307,0.0
RUTANA,17.807692307692307,17.807692307692307,0.0
RUTEGAMA,19.576923076923077,19.576923076923077,0.0
RUTOVU,17.807692307692307,17.807692307692307,0.0
RUTSHURU,7.461538461538462,7.461538461538462,0.0
RUTSIRO,19.153846153846153,19.153846153846153,0.0
RUYIGI,16.76923076923077,16.76923076923077,0.0
RWAMAGANA,16.346153846153847,16.346153846153847,0.0
RWAMPARA,19.653846153846153,19.653846153846153,0.0
RYANSORO,18.26923076923077,18.26923076923077,0.0
SAAKOW,9.153846153846153,9.153846153846153,0.0
SABATIA,4.576923076923077,4.576923076923077,0.0
SABLALE,10.5,10.5,0.0
SABOBA,0.7692307692307693,0.7692307692307693,0.0
SABON BIRNI,1.4615384615384615,1.4615384615384615,0.0
SABON GARI,6.153846153846154,6.153846153846154,0.0
SABOTI,3.6923076923076925,3.6923076923076925,0.0
SABUWA,5.769230769230769,5.769230769230769,0.0
SACLEPEA,11.346153846153847,11.346153846153847,0.0
SADAT CITY,0.0,0.0,0.0
SAFANA,3.769230769230769,3.769230769230769,0.0
SAGNERIGU,0.7692307692307693,0.7692307692307693,0.0
SAHIL SALIM,0.0,0.0,0.0
SAKABA,5.576923076923077,5.576923076923077,0.0
SAKANIA,9.692307692307692,9.692307692307692,0.0
SAKI EAST,13.5,13.5,0.0
SAKI WEST,13.423076923076923,13.423076923076923,0.0
SALAYEA,11.307692307692308,11.307692307692308,0.0
SAMALUT,3.5384615384615383,3.5384615384615383,0.0
SAMANNUD,3.6538461538461537,3.6538461538461537,0.0
SAMBURU WEST,5.384615384615385,5.384615384615385,0.0
SAMIA-BUGWE,18.846153846153847,18.846153846153847,0.0
SAN,0.7307692307692307,0.7307692307692307,0.0
SANDAMU,0.11538461538461539,0.11538461538461539,0.0
SANDLENI,17.53846153846154,17.53846153846154,0.0
SANGA,80.76923076923077,80.76923076923077,0.0
SANGUIÉ,1.6538461538461537,1.6538461538461537,0.0
SANMATENGA,1.0769230769230769,1.0769230769230769,0.0
SANNIQUELLEH-MAHN,9.923076923076923,9.923076923076923,0.0
SANYATI,26.03846153846154,26.03846153846154,0.0
SAQULTAH,0.0,0.0,0.0
SAVALOU,12.115384615384615,12.115384615384615,0.0
SAVELUGU,0.38461538461538464,0.38461538461538464,0.0
SAVÈ,12.038461538461538,12.038461538461538,0.0
SAWHAJ,0.0,0.0,0.0
SAWLA-TUNA-KALBA,0.7307692307692307,0.7307692307692307,0.0
SC CHAKHAZA,19.96153846153846,19.96153846153846,0.0
SC CHAMBA,20.76923076923077,20.76923076923077,0.0
SC CHIKWEO,19.653846153846153,19.653846153846153,0.0
SC CHILIKUMWENDO,20.615384615384617,20.615384615384617,0.0
SC CHILOOKO,20.53846153846154,20.53846153846154,0.0
SC CHILOWAMATAMBE,20.384615384615383,20.384615384615383,0.0
SC CHITEKWELE,21.076923076923077,21.076923076923077,0.0
SC CHIWALO,20.192307692307693,20.192307692307693,0.0
SC CHOWE,20.96153846153846,20.96153846153846,0.0
SC DAMBE,19.192307692307693,19.192307692307693,0.0
SC GOODSON GANYA,20.307692307692307,20.307692307692307,0.0
SC JUMA,19.076923076923077,19.076923076923077,0.0
SC KAMENYA GWAZA,20.807692307692307,20.807692307692307,0.0
SC KAMPINGO SIBANDE,17.576923076923077,17.576923076923077,0.0
SC KAWAMBA,18.76923076923077,18.76923076923077,0.0
SC KAYEMBE,19.076923076923077,19.076923076923077,0.0
SC KHOSOLO GWAZA JERE,18.692307692307693,18.692307692307693,0.0
SC LUKWA,19.0,19.0,0.0
SC M'NYANJA,16.884615384615383,16.884615384615383,0.0
SC MAKWANGWALA,19.53846153846154,19.53846153846154,0.0
SC MAVWERE,20.5,20.5,0.0
SC MBENJE,22.692307692307693,22.692307692307693,0.0
SC MBIZA,19.115384615384617,19.115384615384617,0.0
SC MBWANA NYAMBI,21.53846153846154,21.53846153846154,0.0
SC MDUWA,19.115384615384617,19.115384615384617,0.0
SC MKUKULA,19.346153846153847,19.346153846153847,0.0
SC MLOMBA,20.884615384615383,20.884615384615383,0.0
SC MPONELA,18.653846153846153,18.653846153846153,0.0
SC MPOSA,21.076923076923077,21.076923076923077,0.0
SC MTEMA,21.115384615384617,21.115384615384617,0.0
SC MWAHENGA,16.846153846153847,16.846153846153847,0.0
SC MWANKHUNIKIRA,18.115384615384617,18.115384615384617,0.0
SC MWIRANG'OMBE,18.115384615384617,18.115384615384617,0.0
SC NAMABVI,21.807692307692307,21.807692307692307,0.0
SC NGOKWE,21.0,21.0,0.0
SC NJEWA,20.653846153846153,20.653846153846153,0.0
SC NJOMBWA,19.115384615384617,19.115384615384617,0.0
SC SIMLEMBA,19.0,19.0,0.0
SC SITOLA,19.846153846153847,19.846153846153847,0.0
SEKE,26.653846153846153,26.653846153846153,0.0
SEKHUKHUNE,17.115384615384617,17.115384615384617,0.0
SEKYERE AFRAM PLAINS NORTH,12.5,12.5,0.0
SEKYERE CENTRAL,12.653846153846153,12.653846153846153,0.0
SELES,26.692307692307693,26.692307692307693,0.0
SEME,5.3076923076923075,5.3076923076923075,0.0
SEMEN GONDAR,0.15384615384615385,0.15384615384615385,0.0
SEMEN WELLO,0.0,0.0,0.0
SENE EAST,13.461538461538462,13.461538461538462,0.0
SENE WEST,13.923076923076923,13.923076923076923,0.0
SENGA HILL,16.115384615384617,16.115384615384617,0.0
SENGEREMA,17.076923076923077,17.076923076923077,0.0
SERENGETI,20.192307692307693,20.192307692307693,0.0
SERENJE,17.307692307692307,17.307692307692307,0.0
SERERE,22.153846153846153,22.153846153846153,0.0
SEROWE,22.0,22.0,0.0
SHAGARI,0.4230769230769231,0.4230769230769231,0.0
SHAI OSUDOKU,13.0,13.0,0.0
SHAMVA,23.46153846153846,23.46153846153846,0.0
SHANGA,2.769230769230769,2.769230769230769,0.0
SHANI,0.5,0.5,0.0
SHANONO,2.8461538461538463,2.8461538461538463,0.0
SHELLENG,1.5,1.5,0.0
SHENDAM,5.3076923076923075,5.3076923076923075,0.0
SHIBIN AL-KAWM,3.6538461538461537,3.6538461538461537,0.0
SHIBIN AL-QANATIR,3.076923076923077,3.076923076923077,0.0
SHIBUYUNJI,21.192307692307693,21.192307692307693,0.0
SHINKAFI,0.0,0.0,0.0
SHINYALU,5.1923076923076925,5.1923076923076925,0.0
SHINYANGA RURAL,17.923076923076923,17.923076923076923,0.0
SHINYANGA URBAN,10.923076923076923,10.923076923076923,0.0
SHIRA,3.4615384615384617,3.4615384615384617,0.0
SHIRBIN,2.923076923076923,2.923076923076923,0.0
SHIRORO,7.576923076923077,7.576923076923077,0.0
SHISELWENI,18.5,18.5,0.0
SHOBET,2.6538461538461537,2.6538461538461537,0.0
SHOMGOM,0.0,0.0,0.0
SHUBRA KHIT,2.923076923076923,2.923076923076923,0.0
SHURUGWI,30.807692307692307,30.807692307692307,0.0
SIAVONGA,20.5,20.5,0.0
SIDAMA,0.038461538461538464,0.038461538461538464,0.0
SIDFA,0.0,0.0,0.0
SIDI SALIM,3.6538461538461537,3.6538461538461537,0.0
SIGOR,6.038461538461538,6.038461538461538,0.0
SIGOWET/SOIN,4.884615384615385,4.884615384615385,0.0
SIGUIRI,1.1923076923076923,1.1923076923076923,0.0
SIGWE,18.153846153846153,18.153846153846153,0.0
SIKASSO,1.5384615384615385,1.5384615384615385,0.0
SIKONGE,26.076923076923077,26.076923076923077,0.0
SILA,0.6538461538461539,0.6538461538461539,0.0
SILTI,0.0,0.0,0.0
SIMANJIRO,25.0,25.0,0.0
SINAZONGWE,20.307692307692307,20.307692307692307,0.0
SINDA,21.76923076923077,21.76923076923077,0.0
SINENDÉ,12.23076923076923,12.23076923076923,0.0
SINGIDA RURAL,26.5,26.5,0.0
SINGIDA URBAN,24.923076923076923,24.923076923076923,0.0
SINNURIS,2.923076923076923,2.923076923076923,0.0
SIPHOFANENI,19.5,19.5,0.0
SIRISIA,4.384615384615385,4.384615384615385,0.0
SIRS AL-LAYYANAH,3.6538461538461537,3.6538461538461537,0.0
SISONKE,18.153846153846153,18.153846153846153,0.0
SISSALA EAST,0.5,0.5,0.0
SISSALA WEST,0.23076923076923078,0.23076923076923078,0.0
SISSILI,0.5,0.5,0.0
SITHOBELA,18.5,18.5,0.0
SOBA,6.576923076923077,6.576923076923077,0.0
SOFIA,16.846153846153847,16.846153846153847,0.0
SOLWEZI,17.846153846153847,17.846153846153847,0.0
SONG,2.076923076923077,2.076923076923077,0.0
SONGA,18.03846153846154,18.03846153846154,0.0
SONGWE,22.46153846153846,22.46153846153846,0.0
SOROTI,22.153846153846153,22.153846153846153,0.0
SOROTI (MUNICIPALITY),22.5,22.5,0.0
SOTIK,4.230769230769231,4.230769230769231,0.0
SOTOUBOUA,13.23076923076923,13.23076923076923,0.0
SOUROU,1.1153846153846154,1.1153846153846154,0.0
SOUTH IMENTI,15.153846153846153,15.153846153846153,0.0
SOUTH MUGIRANGO,4.923076923076923,4.923076923076923,0.0
SOUTH TONGU,12.076923076923077,12.076923076923077,0.0
SOY,3.8461538461538463,3.8461538461538463,0.0
STEINHAUSEN,20.26923076923077,20.26923076923077,0.0
SUAKOKO,11.153846153846153,11.153846153846153,0.0
SUBUKIA,5.153846153846154,5.153846153846154,0.0
SULE TANKARKAR,0.46153846153846156,0.46153846153846156,0.0
SUMAILA,3.6153846153846154,3.6153846153846154,0.0
SUMBAWANGA RURAL,24.26923076923077,24.26923076923077,0.0
SUMBAWANGA URBAN,22.76923076923077,22.76923076923077,0.0
SUMUSTA AL-WAQF,3.6538461538461537,3.6538461538461537,0.0
SUNA EAST,4.269230769230769,4.269230769230769,0.0
SUNA WEST,2.1923076923076925,2.1923076923076925,0.0
SURU,1.5769230769230769,1.5769230769230769,0.0
SUSSUNDENGA,25.03846153846154,25.03846153846154,0.0
SÉGBANA,2.3846153846153846,2.3846153846153846,0.0
SÉGOU,0.07692307692307693,0.07692307692307693,0.0
TA BVUMBWE,20.307692307692307,20.307692307692307,0.0
TA CHADZA,21.23076923076923,21.23076923076923,0.0
TA CHAPANANGA,20.5,20.5,0.0
TA CHIGARU,19.23076923076923,19.23076923076923,0.0
TA CHIKOWI,19.53846153846154,19.53846153846154,0.0
TA CHIKULAMAYEMBE,14.538461538461538,14.538461538461538,0.0
TA CHIKUMBU,19.846153846153847,19.846153846153847,0.0
TA CHIMALIRO,19.23076923076923,19.23076923076923,0.0
TA CHIMUTU,21.423076923076923,21.423076923076923,0.0
TA CHIMWALA,20.076923076923077,20.076923076923077,0.0
TA CHINDI,15.653846153846153,15.653846153846153,0.0
TA CHISEKA,19.576923076923077,19.576923076923077,0.0
TA CHITERA,18.846153846153847,18.846153846153847,0.0
TA CHITUKULA,19.923076923076923,19.923076923076923,0.0
TA CHIWERE,20.23076923076923,20.23076923076923,0.0
TA CHULU,17.73076923076923,17.73076923076923,0.0
TA DZOOLE,19.115384615384617,19.115384615384617,0.0
TA JALASI,21.115384615384617,21.115384615384617,0.0
TA KABUDULA,21.153846153846153,21.153846153846153,0.0
TA KACHINDAMOTO,21.576923076923077,21.576923076923077,0.0
TA KADEWERE,18.76923076923077,18.76923076923077,0.0
TA KALEMBO,19.615384615384617,19.615384615384617,0.0
TA KALOLO,19.96153846153846,19.96153846153846,0.0
TA KALULUMA,15.807692307692308,15.807692307692308,0.0
TA KALUMBA,20.153846153846153,20.153846153846153,0.0
TA KALUMBU,21.115384615384617,21.115384615384617,0.0
TA KALUMO,19.653846153846153,19.653846153846153,0.0
TA KAMEME,15.5,15.5,0.0
TA KANDUKU,21.0,21.0,0.0
TA KANYENDA,19.076923076923077,19.076923076923077,0.0
TA KAOMBA,18.423076923076923,18.423076923076923,0.0
TA KAPELULA,19.692307692307693,19.692307692307693,0.0
TA KAPENI,19.03846153846154,19.03846153846154,0.0
TA KAPHUKA,20.346153846153847,20.346153846153847,0.0
TA KASUMBU,20.5,20.5,0.0
TA KATULI,21.23076923076923,21.23076923076923,0.0
TA KATUNGA,20.653846153846153,20.653846153846153,0.0
TA KAWINGA,19.76923076923077,19.76923076923077,0.0
TA KHOMBEDZA,20.923076923076923,20.923076923076923,0.0
TA KHONGONI,20.53846153846154,20.53846153846154,0.0
TA KILUPULA,18.307692307692307,18.307692307692307,0.0
TA KUNTAJA,19.076923076923077,19.076923076923077,0.0
TA KUNTHEMBWE,19.076923076923077,19.076923076923077,0.0
TA KUNTUMANJI,22.03846153846154,22.03846153846154,0.0
TA KYUNGU,17.153846153846153,17.153846153846153,0.0
TA LIKOSWE,20.307692307692307,20.307692307692307,0.0
TA LIWONDE,20.26923076923077,20.26923076923077,0.0
TA LUNDU,19.307692307692307,19.307692307692307,0.0
TA M'MBELWA,14.5,14.5,0.0
TA MABUKA,19.26923076923077,19.26923076923077,0.0
TA MABULABO,17.384615384615383,17.384615384615383,0.0
TA MACHINJILI,20.346153846153847,20.346153846153847,0.0
TA MAKATA,18.96153846153846,18.96153846153846,0.0
TA MAKHWIRA,19.384615384615383,19.384615384615383,0.0
TA MALEMIA,20.115384615384617,20.115384615384617,0.0
TA MALILI,20.346153846153847,20.346153846153847,0.0
TA MASASA,21.96153846153846,21.96153846153846,0.0
TA MASEYA,18.615384615384617,18.615384615384617,0.0
TA MAZENGERA,21.96153846153846,21.96153846153846,0.0
TA MKANDA,18.96153846153846,18.96153846153846,0.0
TA MKHUMBA,19.0,19.0,0.0
TA MLAULI,20.46153846153846,20.46153846153846,0.0
TA MLOLO,23.23076923076923,23.23076923076923,0.0
TA MLONYENI,20.23076923076923,20.23076923076923,0.0
TA MLUMBE,19.76923076923077,19.76923076923077,0.0
TA MPAMA,18.53846153846154,18.53846153846154,0.0
TA MPANDO,20.26923076923077,20.26923076923077,0.0
TA MPHEREMBE,15.038461538461538,15.038461538461538,0.0
TA MPONDA,21.115384615384617,21.115384615384617,0.0
TA MSAKAMBEWA,18.807692307692307,18.807692307692307,0.0
TA MTWALO,16.884615384615383,16.884615384615383,0.0
TA MWABULAMBYA,17.807692307692307,17.807692307692307,0.0
TA MWADZAMA,19.653846153846153,19.653846153846153,0.0
TA MWAMBO,20.384615384615383,20.384615384615383,0.0
TA MWASE,18.53846153846154,18.53846153846154,0.0
TA MZIKUBOLA,16.23076923076923,16.23076923076923,0.0
TA MZUKUZUKU,14.115384615384615,14.115384615384615,0.0
TA NANKUMBA,20.615384615384617,20.615384615384617,0.0
TA NAZOMBE,19.0,19.0,0.0
TA NCHEMA,18.03846153846154,18.03846153846154,0.0
TA NDINDI,21.615384615384617,21.615384615384617,0.0
TA NGABU,22.46153846153846,22.46153846153846,0.0
TA NJOLOMOLE,20.307692307692307,20.307692307692307,0.0
TA NKALO,20.153846153846153,20.153846153846153,0.0
TA NKANDA,19.5,19.5,0.0
TA NSAMALA,18.423076923076923,18.423076923076923,0.0
TA NTHACHE,20.192307692307693,20.192307692307693,0.0
TA NTHALIRE,15.923076923076923,15.923076923076923,0.0
TA NTHIRAMANJA,19.846153846153847,19.846153846153847,0.0
TA NYAMBI,22.423076923076923,22.423076923076923,0.0
TA PEMBA,20.307692307692307,20.307692307692307,0.0
TA PHAMBALA,20.807692307692307,20.807692307692307,0.0
TA SANTHE,18.73076923076923,18.73076923076923,0.0
TA SYMON,18.76923076923077,18.76923076923077,0.0
TA TAMBALA,21.307692307692307,21.307692307692307,0.0
TA TENGANI,21.115384615384617,21.115384615384617,0.0
TA WIMBE,19.5,19.5,0.0
TA ZULU,20.153846153846153,20.153846153846153,0.0
TABORA,26.115384615384617,26.115384615384617,0.0
TAFAWA-BALEWA,5.8076923076923075,5.8076923076923075,0.0
TAHTA,0.0,0.0,0.0
TAHTA CITY,0.0,0.0,0.0
TAKAI,4.5,4.5,0.0
TAKUM,6.884615384615385,6.884615384615385,0.0
TALA,4.384615384615385,4.384615384615385,0.0
TALATA-MAFARA,0.6538461538461539,0.6538461538461539,0.0
TALENSI,0.3076923076923077,0.3076923076923077,0.0
TALKHA,4.0,4.0,0.0
TAMALE,0.9230769230769231,0.9230769230769231,0.0
TAMBUWAL,3.230769230769231,3.230769230769231,0.0
TAMIYAH,1.4615384615384615,1.4615384615384615,0.0
TANDJILÉ EST,0.9230769230769231,0.9230769230769231,0.0
TANDJILÉ OUEST,0.9230769230769231,0.9230769230769231,0.0
TANDJOUARÉ,1.0384615384615385,1.0384615384615385,0.0
TANGARA,20.03846153846154,20.03846153846154,0.0
TANGAZA,1.6153846153846154,1.6153846153846154,0.0
TANGUIÉTA,0.6153846153846154,0.6153846153846154,0.0
TANTA,2.923076923076923,2.923076923076923,0.0
TAPOA,0.0,0.0,0.0
TAPPITA,10.384615384615385,10.384615384615385,0.0
TARIME,15.692307692307692,15.692307692307692,0.0
TARKA,10.923076923076923,10.923076923076923,0.0
TARMUWA,1.5,1.5,0.0
TATALE SANGULI,0.6538461538461539,0.6538461538461539,0.0
TAURA,0.07692307692307693,0.07692307692307693,0.0
TAVETA,16.153846153846153,16.153846153846153,0.0
TCHAMBA,12.923076923076923,12.923076923076923,0.0
TCHAOUROU,13.461538461538462,13.461538461538462,0.0
TCHAUDJO,13.26923076923077,13.26923076923077,0.0
TCHICALA-TCHOLOANGA,21.384615384615383,21.384615384615383,0.0
TCHIEN,13.615384615384615,13.615384615384615,0.0
TCHIPUNGO,28.96153846153846,28.96153846153846,0.0
TCHOLOGO,5.153846153846154,5.153846153846154,0.0
TEMPANE,0.46153846153846156,0.46153846153846156,0.0
TEREGO,9.692307692307692,9.692307692307692,0.0
TERKAKA,10.5,10.5,0.0
TESO NORTH,4.461538461538462,4.461538461538462,0.0
TESO SOUTH,4.461538461538462,4.461538461538462,0.0
TEUNGO,4.576923076923077,4.576923076923077,0.0
THABO MOFUTSANYANE,22.153846153846153,22.153846153846153,0.0
THARAKA,16.73076923076923,16.73076923076923,0.0
TIBAH POLICE DEPT.,0.0,0.0,0.0
TIGANIA EAST,13.884615384615385,13.884615384615385,0.0
TIGANIA WEST,8.961538461538462,8.961538461538462,0.0
TIMA,0.0,0.0,0.0
TIMAY AL-IMDID,2.923076923076923,2.923076923076923,0.0
TIMPISINI,18.653846153846153,18.653846153846153,0.0
TINDERET,4.269230769230769,4.269230769230769,0.0
TIYEEGLOW,10.76923076923077,10.76923076923077,0.0
TOFA,3.4615384615384617,3.4615384615384617,0.0
TOLON,0.7692307692307693,0.7692307692307693,0.0
TOMINIAN,0.7307692307692307,0.7307692307692307,0.0
TONGAREN,4.538461538461538,4.538461538461538,0.0
TONJ,2.923076923076923,2.923076923076923,0.0
TORO,7.115384615384615,7.115384615384615,0.0
TORORO,19.192307692307693,19.192307692307693,0.0
TORORO (MUNICIPALITY),18.96153846153846,18.96153846153846,0.0
TOTO,6.3076923076923075,6.3076923076923075,0.0
TSAFE,5.076923076923077,5.076923076923077,0.0
TSANDI,21.807692307692307,21.807692307692307,0.0
TSANGANO,19.115384615384617,19.115384615384617,0.0
TSANYAWA,3.423076923076923,3.423076923076923,0.0
TSHILENGE,0.15384615384615385,0.15384615384615385,0.0
TSHILENGE (VILLE),0.11538461538461539,0.11538461538461539,0.0
TSUMKWE,24.03846153846154,24.03846153846154,0.0
TUDUN WADA,3.8846153846153846,3.8846153846153846,0.0
TUKH,3.3461538461538463,3.3461538461538463,0.0
TUNDURU,28.346153846153847,28.346153846153847,0.0
TURBO,4.153846153846154,4.153846153846154,0.0
TURETA,0.07692307692307693,0.07692307692307693,0.0
TUTUME,30.884615384615383,30.884615384615383,0.0
TUY,0.6538461538461539,0.6538461538461539,0.0
TÔNE,0.6538461538461539,0.6538461538461539,0.0
UGENYA,4.384615384615385,4.384615384615385,0.0
UGUNJA,3.8461538461538463,3.8461538461538463,0.0
UKEREWE,15.346153846153847,15.346153846153847,0.0
UKUM,10.884615384615385,10.884615384615385,0.0
UKUMA,23.26923076923077,23.26923076923077,0.0
ULANGA,22.692307692307693,22.692307692307693,0.0
UMGUNGUNDLOVU,19.384615384615383,19.384615384615383,0.0
UNKNOWN 4,5.153846153846154,5.153846153846154,0.0
UNORGANIZED IN AL BUHAYRAH,3.730769230769231,3.730769230769231,0.0
UNORGANIZED IN AL FAYOUM,0.0,0.0,0.0
UNORGANIZED IN AL ISKANDARIYAH,3.6538461538461537,3.6538461538461537,0.0
UNORGANIZED IN AL JIZAH,0.0,0.0,0.0
UNORGANIZED IN AL MINYA,0.0,0.0,0.0
UNORGANIZED IN ASWAN,0.0,0.0,0.0
UNORGANIZED IN ASYUT,0.0,0.0,0.0
UNORGANIZED IN BANI SUWAYF,0.0,0.0,0.0
UNORGANIZED IN QINA,2.1923076923076925,2.1923076923076925,0.0
UNORGANIZED IN SUHAJ,0.0,0.0,0.0
UPPER MANYA,13.384615384615385,13.384615384615385,0.0
URAMBO,24.23076923076923,24.23076923076923,0.0
URIRI,4.346153846153846,4.346153846153846,0.0
USHONGO,12.192307692307692,12.192307692307692,0.0
USUK,20.346153846153847,20.346153846153847,0.0
UTHUKELA,20.192307692307693,20.192307692307693,0.0
UTHUNGULU,19.26923076923077,19.26923076923077,0.0
UVINZA,23.884615384615383,23.884615384615383,0.0
UVIRA,7.846153846153846,7.846153846153846,0.0
UYUI,25.03846153846154,25.03846153846154,0.0
UZUMBA MARAMBA PFUNGWE,24.307692307692307,24.307692307692307,0.0
VAKINANKARATRA,17.423076923076923,17.423076923076923,0.0
VANDE IKYA,13.538461538461538,13.538461538461538,0.0
VHEMBE,20.807692307692307,20.807692307692307,0.0
VILANCULOS,26.615384615384617,26.615384615384617,0.0
VINA,7.846153846153846,7.846153846153846,0.0
VO,11.807692307692308,11.807692307692308,0.0
VOI,13.192307692307692,13.192307692307692,0.0
VOINJAMA,11.0,11.0,0.0
VUBWI,21.0,21.0,0.0
VUGIZO,19.423076923076923,19.423076923076923,0.0
VUMBI,19.846153846153847,19.846153846153847,0.0
VURRA,11.538461538461538,11.538461538461538,0.0
VWAZA MARSH GAME RESERVE - RUMPH,16.346153846153847,16.346153846153847,0.0
VYANDA,18.53846153846154,18.53846153846154,0.0
WA EAST,0.6153846153846154,0.6153846153846154,0.0
WA MUNICIPAL,0.5769230769230769,0.5769230769230769,0.0
WAG HIMRA,0.0,0.0,0.0
WAKU KUNGO,23.576923076923077,23.576923076923077,0.0
WALUNGU,7.384615384615385,7.384615384615385,0.0
WANGING'OMBE,20.576923076923077,20.576923076923077,0.0
WANJUK,2.5,2.5,0.0
WANLA WEYN,12.423076923076923,12.423076923076923,0.0
WARAB,2.9615384615384617,2.9615384615384617,0.0
WARAWA,4.769230769230769,4.769230769230769,0.0
WARJI,3.0384615384615383,3.0384615384615383,0.0
WASE,1.2692307692307692,1.2692307692307692,0.0
WATERBERG,16.423076923076923,16.423076923076923,0.0
WEBUTE WEST,4.6923076923076925,4.6923076923076925,0.0
WEBUYE EAST,5.3076923076923075,5.3076923076923075,0.0
WENCHI,13.115384615384615,13.115384615384615,0.0
WEST GONJA,0.5384615384615384,0.5384615384615384,0.0
WEST MAMPRUSI,0.3076923076923077,0.3076923076923077,0.0
WEST MOYO,9.884615384615385,9.884615384615385,0.0
WEST MUGIRANGO,5.038461538461538,5.038461538461538,0.0
WEST NUBARIYAH,0.0,0.0,0.0
WEST RAND,20.615384615384617,20.615384615384617,0.0
WORODOUGOU,4.5,4.5,0.0
WUDIL,4.423076923076923,4.423076923076923,0.0
WUKARI,6.846153846153846,6.846153846153846,0.0
WUSHISHI,7.961538461538462,7.961538461538462,0.0
XAI-XAI,24.307692307692307,24.307692307692307,0.0
XHARIEP,22.346153846153847,22.346153846153847,0.0
XUDUR,13.115384615384615,13.115384615384615,0.0
YALA,13.423076923076923,13.423076923076923,0.0
YAMALTU/DEBA,0.0,0.0,0.0
YAMOUSSOUKRO,13.692307692307692,13.692307692307692,0.0
YANKWASHI,0.5,0.5,0.0
YATENGA,1.5384615384615385,1.5384615384615385,0.0
YATTA,15.038461538461538,15.038461538461538,0.0
YAURI,2.5384615384615383,2.5384615384615383,0.0
YENDI,0.8076923076923077,0.8076923076923077,0.0
YEROL,2.423076923076923,2.423076923076923,0.0
YEWA NORTH,11.923076923076923,11.923076923076923,0.0
YOLA SOUTH,3.0,3.0,0.0
YOROSSO,1.1538461538461537,1.1538461538461537,0.0
YORRO,7.769230769230769,7.769230769230769,0.0
YUNUSARI,2.0384615384615383,2.0384615384615383,0.0
YUNYOO-NASUAN,0.5,0.5,0.0
YUSUF AS-SIDIQ,4.384615384615385,4.384615384615385,0.0
YUSUFARI,1.1923076923076923,1.1923076923076923,0.0
ZA-KPOTA,10.76923076923077,10.76923076923077,0.0
ZABZUGU,0.6538461538461539,0.6538461538461539,0.0
ZAKA,32.57692307692308,32.57692307692308,0.0
ZAKI,0.0,0.0,0.0
ZAMBEZI,17.076923076923077,17.076923076923077,0.0
ZANGO,1.0769230769230769,1.0769230769230769,0.0
ZANGON KATAF,7.230769230769231,7.230769230769231,0.0
ZAQAZIQ,2.923076923076923,2.923076923076923,0.0
ZARIA,6.3076923076923075,6.3076923076923075,0.0
ZARQA,2.923076923076923,2.923076923076923,0.0
ZIFTA,3.6538461538461537,3.6538461538461537,0.0
ZIMBA,20.53846153846154,20.53846153846154,0.0
ZING,9.0,9.0,0.0
ZIO,12.5,12.5,0.0
ZIRO,0.8461538461538461,0.8461538461538461,0.0
ZOEGEH,10.76923076923077,10.76923076923077,0.0
ZOGBODOMEY,9.923076923076923,9.923076923076923,0.0
ZOMBODZE,17.53846153846154,17.53846153846154,0.0
ZORZOR,10.461538461538462,10.461538461538462,0.0
ZOUNDWÉOGO,0.6923076923076923,0.6923076923076923,0.0
ZULULAND,18.76923076923077,18.76923076923077,0.0
ZUMBU,20.23076923076923,20.23076923076923,0.0
ZURMI,0.9615384615384616,0.9615384615384616,0.0
ZVIMBA,25.23076923076923,25.23076923076923,0.0
ZVISHAVANE,31.5,31.5,0.0
